-- STATUS TABLES

CREATE TABLE student_type (
    type_id VARCHAR(3),
    type_title VARCHAR(5),
    CONSTRAINT stype_pk PRIMARY KEY(type_id)
);

INSERT INTO student_type VALUES ('N', 'New');
INSERT INTO student_type VALUES ('O', 'Old');

-- REGISTRATION_STATUS TABLE

CREATE TABLE registration_status (
    registration_id VARCHAR(5),
    registration_title VARCHAR(15),
    CONSTRAINT rstatus_pk PRIMARY KEY(registration_id)
);

INSERT INTO registration_status VALUES ('REG', 'Regular');
INSERT INTO registration_status VALUES ('IRR', 'Irregular');

-- ENROLLMENT_STATUS TABLE

CREATE TABLE enrollment_status (
    enroll_id VARCHAR(5),
    enroll_title VARCHAR(15),
    CONSTRAINT estatus_pk PRIMARY KEY(enroll_id)
);


INSERT INTO enrollment_status VALUES ('ENR', 'Enrolled');
INSERT INTO enrollment_status VALUES ('PEN', 'Pending');

-- COLLEGE TABLE

CREATE TABLE COLLEGE(
    college_id VARCHAR(5) NOT NULL,
    college_title VARCHAR(75) DEFAULT ' ',
    CONSTRAINT pk_college_id PRIMARY KEY (college_id)
);

INSERT INTO college VALUES ('CISTM', 'College of Information Systems and Technology Management');
INSERT INTO college VALUES ('CA', 'College of Accountancy');
INSERT INTO college VALUES ('CASBE', 'College of Architecture and Sustainable Built Environments');
INSERT INTO college VALUES ('CBA', 'College of Business Administration');
INSERT INTO college VALUES ('CE', 'College of Engineering');
INSERT INTO college VALUES ('CED', 'College of Education');
INSERT INTO college VALUES ('CHASS', 'College of Humanities, Art and Social Sciences');
INSERT INTO college VALUES ('CL', 'College of Law');
INSERT INTO college VALUES ('CM', 'College of Medicine');
INSERT INTO college VALUES ('CN', 'College of Nursing');
INSERT INTO college VALUES ('CPT', 'College of Physical Therapy');
INSERT INTO college VALUES ('CLPA', 'College of Public Administration');
INSERT INTO college VALUES ('CS', 'College of Science');
INSERT INTO college VALUES ('CTHM', 'College of Tourism and Hospitality Management');
INSERT INTO college VALUES ('GSL', 'Graduate School of Law');

-- COURSE TYPE TABLE

CREATE TABLE course_type(
    course_type_id          VARCHAR(5)           NOT NULL,
    course_type_title     VARCHAR(75)          DEFAULT ' ',
    CONSTRAINT            pk_course_type_id    PRIMARY KEY (course_type_id)
);

INSERT INTO course_type VALUES ('UNDER', 'Undergraduate Programs');
INSERT INTO course_type VALUES ('GRAD', 'Graduate Programs');

-- COURSE TABLE (BSIT, BSCS, etc.)

CREATE TABLE COURSE(
    course_id           VARCHAR(15)       NOT NULL,
    course_title      VARCHAR(100)      DEFAULT ' ',
    course_type_id    VARCHAR(5)        DEFAULT ' ',
    college_id        VARCHAR(5)        NOT NULL,
    CONSTRAINT        pk_course_id      PRIMARY KEY (course_id),
    CONSTRAINT        fk_college_id     FOREIGN KEY (college_id)     REFERENCES COLLEGE (college_id),
    CONSTRAINT        fk_course_type_id FOREIGN KEY (course_type_id) REFERENCES COURSE_TYPE (course_type_id)
);

INSERT INTO course VALUES ('BSIT', 'Bachelor of Science in Information Technology', 'UNDER', 'CISTM');
INSERT INTO course VALUES ('BSCS', 'Bachelor of Science in Computer Science', 'UNDER', 'CISTM');
INSERT INTO course VALUES ('BSA', 'Bachelor of Science in Accountancy', 'UNDER', 'CA');
INSERT INTO course VALUES ('BS Arch', 'Bachelor of Science in Architecture', 'UNDER', 'CASBE');
INSERT INTO course VALUES ('BSBA BE', 'Bachelor of Science in Business Administration Major in Business Economics', 'UNDER', 'CBA');
INSERT INTO course VALUES ('BSBA FM', 'Bachelor of Science in Business Administration Major in Financial Management', 'UNDER', 'CBA');
INSERT INTO course VALUES ('BSBA HRM', 'Bachelor of Science in Business Administration Major in Human Resource Management', 'UNDER', 'CBA');
INSERT INTO course VALUES ('BSBA MM', 'Bachelor of Science in Business Administration Major in Marketing Management', 'UNDER', 'CBA');
INSERT INTO course VALUES ('BSE', 'Bachelor of Science in Entrepreneurship', 'UNDER', 'CBA');
INSERT INTO course VALUES ('BSREM', 'Bachelor of Science in Real Estate Management', 'UNDER', 'CBA');

-- STUDENT TABLE

CREATE TABLE STUDENT (
    student_id           VARCHAR(50)         NOT NULL,
    lastname           VARCHAR(100)        DEFAULT ' ',
    firstname          VARCHAR(100)        DEFAULT ' ',
    middlename         VARCHAR(100)        DEFAULT ' ',
    birthdate          DATE                NOT NULL,
    course_id          VARCHAR(50)         NOT NULL,
    year_level         INT                 NOT NULL,
    section            INT                 NOT NULL,
    semester           VARCHAR(50)         NOT NULL,
    school_year        VARCHAR(50)         NOT NULL,
    date_enrolled      DATE                DEFAULT NULL,
    type_id            VARCHAR(50),
    registration_id    VARCHAR(50),
    CONSTRAINT pk_student_id PRIMARY KEY (student_id),
    CONSTRAINT fk_student_type_id FOREIGN KEY (type_id) REFERENCES STUDENT_TYPE(type_id),
    CONSTRAINT fk_student_registration_id FOREIGN KEY (registration_id) REFERENCES REGISTRATION_STATUS(registration_id)
);

INSERT ALL
    INTO STUDENT VALUES ('2025-00001', 'Garcia', 'Jose', 'P', DATE '2000-01-01', 'BSIT', 2, 1, '2nd', '2025-2026', NULL, 'O', 'IRR')
    INTO STUDENT VALUES ('2025-00002', 'Santos', 'Maria', 'L', DATE '2000-01-01', 'BSIT', 2, 2, '2nd', '2025-2026', NULL, 'O', 'IRR')
    INTO STUDENT VALUES ('2025-00003', 'Reyes', 'Mark', 'D', DATE '2000-01-01', 'BSCS', 2, 1, '2nd', '2025-2026', NULL, 'O', 'IRR')
    INTO STUDENT VALUES ('2024-00004', 'Dizon', 'Anne', 'C', DATE '2000-01-01', 'BSIT', 2, 1, '2nd', '2025-2026', NULL, 'O', 'IRR')
    
SELECT * FROM DUAL;

INSERT INTO STUDENT VALUES('2024-00005', 'Tan', 'Kevin', 'S', TO_DATE('2000-01-01','YYYY-MM-DD'), 'BSIT', 3, 3, '2nd', '2025-2026', NULL, 'O', 'IRR');
INSERT INTO STUDENT VALUES('2023-00006', 'Lim', 'Christine', 'M', TO_DATE('2000-01-01','YYYY-MM-DD'), 'BSCS', 3, 1, '2nd', '2025-2026', NULL, 'O', 'IRR');
INSERT INTO STUDENT VALUES('2023-00007', 'Yap', 'Michael', 'R', TO_DATE('2000-01-01','YYYY-MM-DD'), 'BSIT', 3, 2, '2nd', '2025-2026', NULL, 'O', 'IRR');
INSERT INTO STUDENT VALUES('2022-00008', 'Torres', 'Jane', 'V', TO_DATE('2000-01-01','YYYY-MM-DD'), 'BSIT', 4, 1, '2nd', '2025-2026', NULL, 'O', 'IRR');
INSERT INTO STUDENT VALUES('2022-00009', 'Mendoza', 'Paul', 'B', TO_DATE('2000-01-01','YYYY-MM-DD'), 'BSCS', 4, 1, '2nd', '2025-2026', NULL, 'O', 'IRR');
INSERT INTO STUDENT VALUES('2025-00010', 'Cruz', 'Sarah', 'J', TO_DATE('2000-01-01','YYYY-MM-DD'), 'BSIT', 2, 3, '2nd', '2025-2026', NULL, 'O', 'IRR');
INSERT INTO STUDENT VALUES('2025-00011', 'Salazar', 'Ashley Allan', 'Q', TO_DATE('2000-01-01','YYYY-MM-DD'), 'BSIT', 3, 1, '2nd', '2025-2026', NULL, 'O', 'IRR');
INSERT INTO STUDENT VALUES('2025-00012', 'Verano', 'Brahm Daniel', 'T', TO_DATE('2000-01-01','YYYY-MM-DD'), 'BSIT', 3, 2, '2nd', '2025-2026', NULL, 'O', 'IRR');
INSERT INTO STUDENT VALUES('2025-00013', 'Jarlego', 'Jamie', 'C', TO_DATE('2000-01-01','YYYY-MM-DD'), 'BSIT', 2, 1, '2nd', '2025-2026', NULL, 'O', 'IRR');
INSERT INTO STUDENT VALUES('2024-00014', 'Jacinto', 'Ken Jeremiah', '', TO_DATE('2000-01-01','YYYY-MM-DD'), 'BSIT', 2, 1, '2nd', '2025-2026', NULL, 'O', 'IRR');
INSERT INTO STUDENT VALUES('2024-00015', 'Dulay', 'Earl Stephen', 'E', TO_DATE('2000-01-01','YYYY-MM-DD'), 'BSIT', 3, 3, '2nd', '2025-2026', NULL, 'O', 'IRR');
INSERT INTO STUDENT VALUES('2023-00016', 'Solidor', 'Prinze Jude', 'R', TO_DATE('2000-01-01','YYYY-MM-DD'), 'BSIT', 2, 1, '2nd', '2025-2026', NULL, 'O', 'IRR');
INSERT INTO STUDENT VALUES('2023-00017', 'Dela Guardia', 'Neil Gabriel', 'D', TO_DATE('2000-01-01','YYYY-MM-DD'), 'BSIT', 4, 2, '2nd', '2025-2026', NULL, 'O', 'IRR');
INSERT INTO STUDENT VALUES('2022-00018', 'Capco', 'Cedrix', 'C', TO_DATE('2000-01-01','YYYY-MM-DD'), 'BSIT', 2, 1, '2nd', '2025-2026', NULL, 'O', 'IRR');
INSERT INTO STUDENT VALUES('2022-00019', 'Cahilo', 'Ian Carlo', 'T', TO_DATE('2000-01-01','YYYY-MM-DD'), 'BSIT', 3, 1, '2nd', '2025-2026', NULL, 'O', 'IRR');
INSERT INTO STUDENT VALUES('2025-00020', 'Cruz', 'Jenizon', '', TO_DATE('2000-01-01','YYYY-MM-DD'), 'BSIT', 2, 3, '2nd', '2025-2026', NULL, 'O', 'IRR');
INSERT INTO STUDENT VALUES('2025-00021', 'Ligon', 'Justine', 'Y', TO_DATE('2000-01-01','YYYY-MM-DD'), 'BSIT', 3, 1, '2nd', '2025-2026', NULL, 'O', 'IRR');
INSERT INTO STUDENT VALUES('2025-00022', 'Sarte', 'Nathaniel Chaz', 'N', TO_DATE('2000-01-01','YYYY-MM-DD'), 'BSIT', 4, 1, '2nd', '2025-2026', NULL, 'O', 'IRR');
INSERT INTO STUDENT VALUES('2025-00023', 'Voluntad', 'Sherelyn Joy', 'F', TO_DATE('2000-01-01','YYYY-MM-DD'), 'BSIT', 2, 1, '2nd', '2025-2026', NULL, 'O', 'IRR');
INSERT INTO STUDENT VALUES('2024-00024', 'Dela Cruz', 'Juan', 'A', TO_DATE('2000-01-01','YYYY-MM-DD'), 'BSCS', 3, 2, '2nd', '2025-2026', NULL, 'O', 'IRR');
INSERT INTO STUDENT VALUES('2024-00025', 'de los Santos', 'Maria Clara', 'A', TO_DATE('2000-01-01','YYYY-MM-DD'), 'BSCS', 2, 1, '2nd', '2025-2026', NULL, 'O', 'IRR');
INSERT INTO STUDENT VALUES('2023-00026', 'Ibarra', 'Crisostomo', 'M', TO_DATE('2000-01-01','YYYY-MM-DD'), 'BSCS', 2, 2, '2nd', '2025-2026', NULL, 'O', 'IRR');
INSERT INTO STUDENT VALUES('2023-00027', 'Verdolagas', 'Damaso', '', TO_DATE('2000-01-01','YYYY-MM-DD'), 'BSCS', 3, 1, '2nd', '2025-2026', NULL, 'O', 'IRR');
INSERT INTO STUDENT VALUES('2022-00028', 'Villamor', 'Isagani', '', TO_DATE('2000-01-01','YYYY-MM-DD'), 'BSCS', 2, 2, '2nd', '2025-2026', NULL, 'O', 'IRR');
INSERT INTO STUDENT VALUES('2022-00029', 'Doe', 'John', 'F', TO_DATE('2000-01-01','YYYY-MM-DD'), 'BSCS', 4, 2, '2nd', '2025-2026', NULL, 'O', 'IRR');
INSERT INTO STUDENT VALUES('2025-00030', 'Perez', 'Juanito', 'B', TO_DATE('2000-01-01','YYYY-MM-DD'), 'BSCS', 2, 1, '2nd', '2025-2026', NULL, 'O', 'IRR');
INSERT INTO STUDENT VALUES('2025-00031', 'Stark', 'Anthony', 'E', TO_DATE('2000-01-01','YYYY-MM-DD'), 'BSIT', 2, 1, '2nd', '2025-2026', NULL, 'O', 'IRR');
INSERT INTO STUDENT VALUES('2025-00032', 'Talis', 'Jayce', 'G', TO_DATE('2000-01-01','YYYY-MM-DD'), 'BSCS', 2, 2, '2nd', '2025-2026', NULL, 'O', 'IRR');
INSERT INTO STUDENT VALUES('2025-00033', 'Caspar', 'Navia', 'O', TO_DATE('2000-01-01','YYYY-MM-DD'), 'BSCS', 2, 1, '2nd', '2025-2026', NULL, 'O', 'IRR');
INSERT INTO STUDENT VALUES('2024-00034', 'Yang', 'Welt', 'J', TO_DATE('2000-01-01','YYYY-MM-DD'), 'BSIT', 2, 1, '2nd', '2025-2026', NULL, 'O', 'IRR');
INSERT INTO STUDENT VALUES('2024-00035', 'Howard', 'Grace', 'B', TO_DATE('2000-01-01','YYYY-MM-DD'), 'BSCS', 3, 3, '2nd', '2025-2026', NULL, 'O', 'IRR');
INSERT INTO STUDENT VALUES('2023-00036', 'Dist', 'Andrew', 'O', TO_DATE('2000-01-01','YYYY-MM-DD'), 'BSCS', 3, 1, '2nd', '2025-2026', NULL, 'O', 'IRR');
INSERT INTO STUDENT VALUES('2023-00037', 'Bayani', 'Himmel', 'A', TO_DATE('2000-01-01','YYYY-MM-DD'), 'BSIT', 3, 2, '2nd', '2025-2026', NULL, 'O', 'IRR');
INSERT INTO STUDENT VALUES('2022-00038', 'Cain', 'Viktor', 'R', TO_DATE('2000-01-01','YYYY-MM-DD'), 'BSCS', 4, 1, '2nd', '2025-2026', NULL, 'O', 'IRR');
INSERT INTO STUDENT VALUES('2022-00039', 'White', 'Walter', 'H', TO_DATE('2000-01-01','YYYY-MM-DD'), 'BSCS', 4, 1, '2nd', '2025-2026', NULL, 'O', 'IRR');
INSERT INTO STUDENT VALUES('2025-00040', 'Asistido', 'Yasmin', 'M', TO_DATE('2000-01-01','YYYY-MM-DD'), 'BSIT', 2, 3, '2nd', '2025-2026', NULL, 'O', 'IRR');
INSERT INTO STUDENT VALUES('2025-00041', 'Portgas', 'Ace', 'D', TO_DATE('2000-01-01','YYYY-MM-DD'), 'BSCS', 4, 1, '2nd', '2025-2026', NULL, 'O', 'IRR');
INSERT INTO STUDENT VALUES('2025-00042', 'Allen', 'Bartholomew', 'H', TO_DATE('2000-01-01','YYYY-MM-DD'), 'BSIT', 3, 2, '2nd', '2025-2026', NULL, 'O', 'IRR');
INSERT INTO STUDENT VALUES('2025-00043', 'Zon', 'Jenny', 'C', TO_DATE('2000-01-01','YYYY-MM-DD'), 'BSCS', 2, 1, '2nd', '2025-2026', NULL, 'O', 'IRR');
INSERT INTO STUDENT VALUES('2024-00044', 'Star', 'Patrick', '', TO_DATE('2000-01-01','YYYY-MM-DD'), 'BSCS', 3, 1, '2nd', '2025-2026', NULL, 'O', 'IRR');
INSERT INTO STUDENT VALUES('2024-00045', 'Petti', 'Chet', 'G', TO_DATE('2000-01-01','YYYY-MM-DD'), 'BSCS', 4, 1, '2nd', '2025-2026', NULL, 'O', 'IRR');
INSERT INTO STUDENT VALUES('2023-00046', 'James', 'Lebron', 'R', TO_DATE('2000-01-01','YYYY-MM-DD'), 'BSCS', 2, 2, '2nd', '2025-2026', NULL, 'O', 'IRR');
INSERT INTO STUDENT VALUES('2023-00047', 'Tachyon', 'Agnes', '', TO_DATE('2000-01-01','YYYY-MM-DD'), 'BSIT', 4, 2, '2nd', '2025-2026', NULL, 'O', 'IRR');
INSERT INTO STUDENT VALUES('2022-00048', 'Co', 'Elizaldy', 'S', TO_DATE('2000-01-01','YYYY-MM-DD'), 'BSCS', 3, 1, '2nd', '2025-2026', NULL, 'O', 'IRR');
INSERT INTO STUDENT VALUES('2022-00049', 'Mario', 'Mario', 'S', TO_DATE('2000-01-01','YYYY-MM-DD'), 'BSCS', 2, 1, '2nd', '2025-2026', NULL, 'O', 'IRR');
INSERT INTO STUDENT VALUES('2025-00050', 'Sy', 'Jexhee', 'C', TO_DATE('2000-01-01','YYYY-MM-DD'), 'BSIT', 2, 3, '2nd', '2025-2026', NULL, 'O', 'IRR');

-- LOGIN TABLE
CREATE TABLE login (
    student_id     VARCHAR(50)       NOT NULL,
    password       VARCHAR(50)      DEFAULT '1234' NOT NULL,
    CONSTRAINT     pk_student_login  PRIMARY KEY (student_id),
    CONSTRAINT     fk_student_login  FOREIGN KEY (student_id) REFERENCES STUDENT (student_id) ON DELETE CASCADE
);


INSERT INTO login (student_id) VALUES ('2025-00001');
INSERT INTO login (student_id) VALUES ('2025-00002');
INSERT INTO login (student_id) VALUES ('2025-00003');
INSERT INTO login (student_id) VALUES ('2024-00004');
INSERT INTO login (student_id) VALUES ('2024-00005');
INSERT INTO login (student_id) VALUES ('2023-00006');
INSERT INTO login (student_id) VALUES ('2023-00007');
INSERT INTO login (student_id) VALUES ('2022-00008');
INSERT INTO login (student_id) VALUES ('2022-00009');
INSERT INTO login (student_id) VALUES ('2025-00010');
INSERT INTO login (student_id) VALUES ('2025-00011');
INSERT INTO login (student_id) VALUES ('2025-00012');
INSERT INTO login (student_id) VALUES ('2025-00013');
INSERT INTO login (student_id) VALUES ('2024-00014');
INSERT INTO login (student_id) VALUES ('2024-00015');
INSERT INTO login (student_id) VALUES ('2023-00016');
INSERT INTO login (student_id) VALUES ('2023-00017');
INSERT INTO login (student_id) VALUES ('2022-00018');
INSERT INTO login (student_id) VALUES ('2022-00019');
INSERT INTO login (student_id) VALUES ('2025-00020');
INSERT INTO login (student_id) VALUES ('2025-00021');
INSERT INTO login (student_id) VALUES ('2025-00022');
INSERT INTO login (student_id) VALUES ('2025-00023');
INSERT INTO login (student_id) VALUES ('2024-00024');
INSERT INTO login (student_id) VALUES ('2024-00025');
INSERT INTO login (student_id) VALUES ('2023-00026');
INSERT INTO login (student_id) VALUES ('2023-00027');
INSERT INTO login (student_id) VALUES ('2022-00028');
INSERT INTO login (student_id) VALUES ('2022-00029');
INSERT INTO login (student_id) VALUES ('2025-00030');
INSERT INTO login (student_id) VALUES ('2025-00031');
INSERT INTO login (student_id) VALUES ('2025-00032');
INSERT INTO login (student_id) VALUES ('2025-00033');
INSERT INTO login (student_id) VALUES ('2024-00034');
INSERT INTO login (student_id) VALUES ('2024-00035');
INSERT INTO login (student_id) VALUES ('2023-00036');
INSERT INTO login (student_id) VALUES ('2023-00037');
INSERT INTO login (student_id) VALUES ('2022-00038');
INSERT INTO login (student_id) VALUES ('2022-00039');
INSERT INTO login (student_id) VALUES ('2025-00040');
INSERT INTO login (student_id) VALUES ('2025-00041');
INSERT INTO login (student_id) VALUES ('2025-00042');
INSERT INTO login (student_id) VALUES ('2025-00043');
INSERT INTO login (student_id) VALUES ('2024-00044');
INSERT INTO login (student_id) VALUES ('2024-00045');
INSERT INTO login (student_id) VALUES ('2023-00046');
INSERT INTO login (student_id) VALUES ('2023-00047');
INSERT INTO login (student_id) VALUES ('2022-00048');
INSERT INTO login (student_id) VALUES ('2022-00049');
INSERT INTO login (student_id) VALUES ('2025-00050');


COMMIT;


-- FACULTY TABLE
CREATE TABLE FACULTY (
    faculty_id           VARCHAR(50)  NOT NULL
    , lastname             VARCHAR(100) DEFAULT ' '
    , firstname            VARCHAR(100) DEFAULT ' '
    , college_id           VARCHAR(50)
    , CONSTRAINT pk_faculty_id PRIMARY KEY(faculty_id)
    , CONSTRAINT fk_faculty_college_id FOREIGN KEY(college_id) REFERENCES COLLEGE(college_id)
);

INSERT INTO FACULTY VALUES('FAC001','Lee','Johnry','CISTM');
INSERT INTO FACULTY VALUES('FAC002','Maupay','Ann Camille','CISTM');
INSERT INTO FACULTY VALUES('FAC003','Co','Joseph','CISTM');
INSERT INTO FACULTY VALUES('FAC004','Abando','Diony','CISTM');
INSERT INTO FACULTY VALUES('FAC005','Regala','Richard','CISTM');
INSERT INTO FACULTY VALUES('FAC006','Santos','Myra','CISTM');
INSERT INTO FACULTY VALUES('FAC007','Centeno','Criselle','CISTM');
INSERT INTO FACULTY VALUES('FAC008','Sison','Ariel','CISTM');
INSERT INTO FACULTY VALUES('FAC009','Atienza','Francis','CISTM');
INSERT INTO FACULTY VALUES('FAC010','Ramos','Jay Ryan','CISTM');

-- SCHEDULES AND OPTIONS

CREATE TABLE schedule (
    sched_id            VARCHAR(15)    NOT NULL,
    day_of_week         VARCHAR(10)    NOT NULL,
    time_start          TIMESTAMP      NOT NULL,
    time_end            TIMESTAMP      NOT NULL,
    CONSTRAINT sched_pk PRIMARY KEY(sched_id)
)

CREATE TABLE schedule_option (
    sched_option_id           VARCHAR(15),
    sched_id                  VARCHAR(15),
    faculty_id                VARCHAR(15),
    CONSTRAINT schedopt_pk PRIMARY KEY(sched_option_id, sched_id),
    CONSTRAINT sosched_fk FOREIGN KEY (sched_id) REFERENCES schedule(sched_id),
    CONSTRAINT sofaculty_fk FOREIGN KEY (faculty_id) REFERENCES faculty(faculty_id)
);

-- Insert schedules (shortened for brevity - includes all days)
INSERT INTO schedule VALUES ('M130-0700', 'M', TO_TIMESTAMP('07:00:00', 'HH24:MI:SS'), TO_TIMESTAMP('08:30:00', 'HH24:MI:SS'));
INSERT INTO schedule VALUES ('M130-0830', 'M', TO_TIMESTAMP('08:30:00', 'HH24:MI:SS'), TO_TIMESTAMP('10:00:00', 'HH24:MI:SS'));
INSERT INTO schedule VALUES ('M130-1000', 'M', TO_TIMESTAMP('10:00:00', 'HH24:MI:SS'), TO_TIMESTAMP('11:30:00', 'HH24:MI:SS'));
INSERT INTO schedule VALUES ('M130-1130', 'M', TO_TIMESTAMP('11:30:00', 'HH24:MI:SS'), TO_TIMESTAMP('13:00:00', 'HH24:MI:SS'));
INSERT INTO schedule VALUES ('M130-1300', 'M', TO_TIMESTAMP('13:00:00', 'HH24:MI:SS'), TO_TIMESTAMP('14:30:00', 'HH24:MI:SS'));
INSERT INTO schedule VALUES ('M130-1430', 'M', TO_TIMESTAMP('14:30:00', 'HH24:MI:SS'), TO_TIMESTAMP('16:00:00', 'HH24:MI:SS'));
INSERT INTO schedule VALUES ('M130-1600', 'M', TO_TIMESTAMP('16:00:00', 'HH24:MI:SS'), TO_TIMESTAMP('17:30:00', 'HH24:MI:SS'));
INSERT INTO schedule VALUES ('M130-1730', 'M', TO_TIMESTAMP('17:30:00', 'HH24:MI:SS'), TO_TIMESTAMP('19:00:00', 'HH24:MI:SS'));
INSERT INTO schedule VALUES ('M130-1900', 'M', TO_TIMESTAMP('19:00:00', 'HH24:MI:SS'), TO_TIMESTAMP('20:30:00', 'HH24:MI:SS'));
INSERT INTO schedule VALUES ('M200-0700', 'M', TO_TIMESTAMP('07:00:00', 'HH24:MI:SS'), TO_TIMESTAMP('09:00:00', 'HH24:MI:SS'));


INSERT INTO schedule VALUES ('M200-0800', 'M', TO_TIMESTAMP('08:00:00', 'HH24:MI:SS'), TO_TIMESTAMP('10:00:00', 'HH24:MI:SS'));
INSERT INTO schedule VALUES ('M200-0900', 'M', TO_TIMESTAMP('09:00:00', 'HH24:MI:SS'), TO_TIMESTAMP('11:00:00', 'HH24:MI:SS'));
INSERT INTO schedule VALUES ('M200-1000', 'M', TO_TIMESTAMP('10:00:00', 'HH24:MI:SS'), TO_TIMESTAMP('12:00:00', 'HH24:MI:SS'));
INSERT INTO schedule VALUES ('M200-1100', 'M', TO_TIMESTAMP('11:00:00', 'HH24:MI:SS'), TO_TIMESTAMP('13:00:00', 'HH24:MI:SS'));
INSERT INTO schedule VALUES ('M200-1200', 'M', TO_TIMESTAMP('12:00:00', 'HH24:MI:SS'), TO_TIMESTAMP('14:00:00', 'HH24:MI:SS'));
INSERT INTO schedule VALUES ('M200-1300', 'M', TO_TIMESTAMP('13:00:00', 'HH24:MI:SS'), TO_TIMESTAMP('15:00:00', 'HH24:MI:SS'));
INSERT INTO schedule VALUES ('M200-1400', 'M', TO_TIMESTAMP('14:00:00', 'HH24:MI:SS'), TO_TIMESTAMP('16:00:00', 'HH24:MI:SS'));
INSERT INTO schedule VALUES ('M200-1500', 'M', TO_TIMESTAMP('15:00:00', 'HH24:MI:SS'), TO_TIMESTAMP('17:00:00', 'HH24:MI:SS'));
INSERT INTO schedule VALUES ('M200-1600', 'M', TO_TIMESTAMP('16:00:00', 'HH24:MI:SS'), TO_TIMESTAMP('18:00:00', 'HH24:MI:SS'));
INSERT INTO schedule VALUES ('M200-1700', 'M', TO_TIMESTAMP('17:00:00', 'HH24:MI:SS'), TO_TIMESTAMP('19:00:00', 'HH24:MI:SS'));

INSERT INTO schedule VALUES ('M200-1800', 'M', TO_TIMESTAMP('18:00:00', 'HH24:MI:SS'), TO_TIMESTAMP('20:00:00', 'HH24:MI:SS'));
INSERT INTO schedule VALUES ('M200-1900', 'M', TO_TIMESTAMP('19:00:00', 'HH24:MI:SS'), TO_TIMESTAMP('21:00:00', 'HH24:MI:SS'));
INSERT INTO schedule VALUES ('M300-0700', 'M', TO_TIMESTAMP('07:00:00', 'HH24:MI:SS'), TO_TIMESTAMP('10:00:00', 'HH24:MI:SS'));
INSERT INTO schedule VALUES ('M300-0800', 'M', TO_TIMESTAMP('08:00:00', 'HH24:MI:SS'), TO_TIMESTAMP('11:00:00', 'HH24:MI:SS'));
INSERT INTO schedule VALUES ('M300-0900', 'M', TO_TIMESTAMP('09:00:00', 'HH24:MI:SS'), TO_TIMESTAMP('12:00:00', 'HH24:MI:SS'));
INSERT INTO schedule VALUES ('M300-1000', 'M', TO_TIMESTAMP('10:00:00', 'HH24:MI:SS'), TO_TIMESTAMP('13:00:00', 'HH24:MI:SS'));
INSERT INTO schedule VALUES ('M300-1100', 'M', TO_TIMESTAMP('11:00:00', 'HH24:MI:SS'), TO_TIMESTAMP('14:00:00', 'HH24:MI:SS'));
INSERT INTO schedule VALUES ('M300-1200', 'M', TO_TIMESTAMP('12:00:00', 'HH24:MI:SS'), TO_TIMESTAMP('15:00:00', 'HH24:MI:SS'));
INSERT INTO schedule VALUES ('M300-1300', 'M', TO_TIMESTAMP('13:00:00', 'HH24:MI:SS'), TO_TIMESTAMP('16:00:00', 'HH24:MI:SS'));
INSERT INTO schedule VALUES ('M300-1400', 'M', TO_TIMESTAMP('14:00:00', 'HH24:MI:SS'), TO_TIMESTAMP('17:00:00', 'HH24:MI:SS'));
INSERT INTO schedule VALUES ('M300-1500', 'M', TO_TIMESTAMP('15:00:00', 'HH24:MI:SS'), TO_TIMESTAMP('18:00:00', 'HH24:MI:SS'));
INSERT INTO schedule VALUES ('M300-1600', 'M', TO_TIMESTAMP('16:00:00', 'HH24:MI:SS'), TO_TIMESTAMP('19:00:00', 'HH24:MI:SS'));

INSERT INTO schedule VALUES ('M300-1700', 'M', TO_TIMESTAMP('17:00:00', 'HH24:MI:SS'), TO_TIMESTAMP('20:00:00', 'HH24:MI:SS'));
INSERT INTO schedule VALUES ('M300-1800', 'M', TO_TIMESTAMP('18:00:00', 'HH24:MI:SS'), TO_TIMESTAMP('21:00:00', 'HH24:MI:SS'));
INSERT INTO schedule VALUES ('T130-0700', 'T', TO_TIMESTAMP('07:00:00', 'HH24:MI:SS'), TO_TIMESTAMP('08:30:00', 'HH24:MI:SS'));
INSERT INTO schedule VALUES ('T130-0830', 'T', TO_TIMESTAMP('08:30:00', 'HH24:MI:SS'), TO_TIMESTAMP('10:00:00', 'HH24:MI:SS'));
INSERT INTO schedule VALUES ('T130-1000', 'T', TO_TIMESTAMP('10:00:00', 'HH24:MI:SS'), TO_TIMESTAMP('11:30:00', 'HH24:MI:SS'));
INSERT INTO schedule VALUES ('T130-1130', 'T', TO_TIMESTAMP('11:30:00', 'HH24:MI:SS'), TO_TIMESTAMP('13:00:00', 'HH24:MI:SS'));
INSERT INTO schedule VALUES ('T130-1300', 'T', TO_TIMESTAMP('13:00:00', 'HH24:MI:SS'), TO_TIMESTAMP('14:30:00', 'HH24:MI:SS'));
INSERT INTO schedule VALUES ('T130-1430', 'T', TO_TIMESTAMP('14:30:00', 'HH24:MI:SS'), TO_TIMESTAMP('16:00:00', 'HH24:MI:SS'));
INSERT INTO schedule VALUES ('T130-1600', 'T', TO_TIMESTAMP('16:00:00', 'HH24:MI:SS'), TO_TIMESTAMP('17:30:00', 'HH24:MI:SS'));
INSERT INTO schedule VALUES ('T130-1730', 'T', TO_TIMESTAMP('17:30:00', 'HH24:MI:SS'), TO_TIMESTAMP('19:00:00', 'HH24:MI:SS'));
INSERT INTO schedule VALUES ('T130-1900', 'T', TO_TIMESTAMP('19:00:00', 'HH24:MI:SS'), TO_TIMESTAMP('20:30:00', 'HH24:MI:SS'));
INSERT INTO schedule VALUES ('T200-0700', 'T', TO_TIMESTAMP('07:00:00', 'HH24:MI:SS'), TO_TIMESTAMP('09:00:00', 'HH24:MI:SS'));
INSERT INTO schedule VALUES ('T200-0800', 'T', TO_TIMESTAMP('08:00:00', 'HH24:MI:SS'), TO_TIMESTAMP('10:00:00', 'HH24:MI:SS'));
INSERT INTO schedule VALUES ('T200-0900', 'T', TO_TIMESTAMP('09:00:00', 'HH24:MI:SS'), TO_TIMESTAMP('11:00:00', 'HH24:MI:SS'));
INSERT INTO schedule VALUES ('T200-1000', 'T', TO_TIMESTAMP('10:00:00', 'HH24:MI:SS'), TO_TIMESTAMP('12:00:00', 'HH24:MI:SS'));

INSERT INTO schedule VALUES ('T200-1100', 'T', TO_TIMESTAMP('11:00:00', 'HH24:MI:SS'), TO_TIMESTAMP('13:00:00', 'HH24:MI:SS'));
INSERT INTO schedule VALUES ('T200-1200', 'T', TO_TIMESTAMP('12:00:00', 'HH24:MI:SS'), TO_TIMESTAMP('14:00:00', 'HH24:MI:SS'));
INSERT INTO schedule VALUES ('T200-1300', 'T', TO_TIMESTAMP('13:00:00', 'HH24:MI:SS'), TO_TIMESTAMP('15:00:00', 'HH24:MI:SS'));
INSERT INTO schedule VALUES ('T200-1400', 'T', TO_TIMESTAMP('14:00:00', 'HH24:MI:SS'), TO_TIMESTAMP('16:00:00', 'HH24:MI:SS'));
INSERT INTO schedule VALUES ('T200-1500', 'T', TO_TIMESTAMP('15:00:00', 'HH24:MI:SS'), TO_TIMESTAMP('17:00:00', 'HH24:MI:SS'));
INSERT INTO schedule VALUES ('T200-1600', 'T', TO_TIMESTAMP('16:00:00', 'HH24:MI:SS'), TO_TIMESTAMP('18:00:00', 'HH24:MI:SS'));
INSERT INTO schedule VALUES ('T200-1700', 'T', TO_TIMESTAMP('17:00:00', 'HH24:MI:SS'), TO_TIMESTAMP('19:00:00', 'HH24:MI:SS'));
INSERT INTO schedule VALUES ('T200-1800', 'T', TO_TIMESTAMP('18:00:00', 'HH24:MI:SS'), TO_TIMESTAMP('20:00:00', 'HH24:MI:SS'));
INSERT INTO schedule VALUES ('T200-1900', 'T', TO_TIMESTAMP('19:00:00', 'HH24:MI:SS'), TO_TIMESTAMP('21:00:00', 'HH24:MI:SS'));
INSERT INTO schedule VALUES ('T300-0700', 'T', TO_TIMESTAMP('07:00:00', 'HH24:MI:SS'), TO_TIMESTAMP('10:00:00', 'HH24:MI:SS'));
INSERT INTO schedule VALUES ('T300-0800', 'T', TO_TIMESTAMP('08:00:00', 'HH24:MI:SS'), TO_TIMESTAMP('11:00:00', 'HH24:MI:SS'));
INSERT INTO schedule VALUES ('T300-0900', 'T', TO_TIMESTAMP('09:00:00', 'HH24:MI:SS'), TO_TIMESTAMP('12:00:00', 'HH24:MI:SS'));
INSERT INTO schedule VALUES ('T300-1000', 'T', TO_TIMESTAMP('10:00:00', 'HH24:MI:SS'), TO_TIMESTAMP('13:00:00', 'HH24:MI:SS'));
INSERT INTO schedule VALUES ('T300-1100', 'T', TO_TIMESTAMP('11:00:00', 'HH24:MI:SS'), TO_TIMESTAMP('14:00:00', 'HH24:MI:SS'));
INSERT INTO schedule VALUES ('T300-1200', 'T', TO_TIMESTAMP('12:00:00', 'HH24:MI:SS'), TO_TIMESTAMP('15:00:00', 'HH24:MI:SS'));


INSERT INTO schedule VALUES ('T300-1300', 'T', TO_TIMESTAMP('13:00:00', 'HH24:MI:SS'), TO_TIMESTAMP('16:00:00', 'HH24:MI:SS'));
INSERT INTO schedule VALUES ('T300-1400', 'T', TO_TIMESTAMP('14:00:00', 'HH24:MI:SS'), TO_TIMESTAMP('17:00:00', 'HH24:MI:SS'));
INSERT INTO schedule VALUES ('T300-1500', 'T', TO_TIMESTAMP('15:00:00', 'HH24:MI:SS'), TO_TIMESTAMP('18:00:00', 'HH24:MI:SS'));
INSERT INTO schedule VALUES ('T300-1600', 'T', TO_TIMESTAMP('16:00:00', 'HH24:MI:SS'), TO_TIMESTAMP('19:00:00', 'HH24:MI:SS'));
INSERT INTO schedule VALUES ('T300-1700', 'T', TO_TIMESTAMP('17:00:00', 'HH24:MI:SS'), TO_TIMESTAMP('20:00:00', 'HH24:MI:SS'));
INSERT INTO schedule VALUES ('T300-1800', 'T', TO_TIMESTAMP('18:00:00', 'HH24:MI:SS'), TO_TIMESTAMP('21:00:00', 'HH24:MI:SS'));
INSERT INTO schedule VALUES ('W130-0700', 'W', TO_TIMESTAMP('07:00:00', 'HH24:MI:SS'), TO_TIMESTAMP('08:30:00', 'HH24:MI:SS'));
INSERT INTO schedule VALUES ('W130-0830', 'W', TO_TIMESTAMP('08:30:00', 'HH24:MI:SS'), TO_TIMESTAMP('10:00:00', 'HH24:MI:SS'));
INSERT INTO schedule VALUES ('W130-1000', 'W', TO_TIMESTAMP('10:00:00', 'HH24:MI:SS'), TO_TIMESTAMP('11:30:00', 'HH24:MI:SS'));
INSERT INTO schedule VALUES ('W130-1130', 'W', TO_TIMESTAMP('11:30:00', 'HH24:MI:SS'), TO_TIMESTAMP('13:00:00', 'HH24:MI:SS'));
INSERT INTO schedule VALUES ('W130-1300', 'W', TO_TIMESTAMP('13:00:00', 'HH24:MI:SS'), TO_TIMESTAMP('14:30:00', 'HH24:MI:SS'));
INSERT INTO schedule VALUES ('W130-1430', 'W', TO_TIMESTAMP('14:30:00', 'HH24:MI:SS'), TO_TIMESTAMP('16:00:00', 'HH24:MI:SS'));
INSERT INTO schedule VALUES ('W130-1600', 'W', TO_TIMESTAMP('16:00:00', 'HH24:MI:SS'), TO_TIMESTAMP('17:30:00', 'HH24:MI:SS'));
INSERT INTO schedule VALUES ('W130-1730', 'W', TO_TIMESTAMP('17:30:00', 'HH24:MI:SS'), TO_TIMESTAMP('19:00:00', 'HH24:MI:SS'));
INSERT INTO schedule VALUES ('W130-1900', 'W', TO_TIMESTAMP('19:00:00', 'HH24:MI:SS'), TO_TIMESTAMP('20:30:00', 'HH24:MI:SS'));

INSERT INTO schedule VALUES ('W200-0700', 'W', TO_TIMESTAMP('07:00:00', 'HH24:MI:SS'), TO_TIMESTAMP('09:00:00', 'HH24:MI:SS'));
INSERT INTO schedule VALUES ('W200-0800', 'W', TO_TIMESTAMP('08:00:00', 'HH24:MI:SS'), TO_TIMESTAMP('10:00:00', 'HH24:MI:SS'));
INSERT INTO schedule VALUES ('W200-0900', 'W', TO_TIMESTAMP('09:00:00', 'HH24:MI:SS'), TO_TIMESTAMP('11:00:00', 'HH24:MI:SS'));
INSERT INTO schedule VALUES ('W200-1000', 'W', TO_TIMESTAMP('10:00:00', 'HH24:MI:SS'), TO_TIMESTAMP('12:00:00', 'HH24:MI:SS'));
INSERT INTO schedule VALUES ('W200-1100', 'W', TO_TIMESTAMP('11:00:00', 'HH24:MI:SS'), TO_TIMESTAMP('13:00:00', 'HH24:MI:SS'));
INSERT INTO schedule VALUES ('W200-1200', 'W', TO_TIMESTAMP('12:00:00', 'HH24:MI:SS'), TO_TIMESTAMP('14:00:00', 'HH24:MI:SS'));
INSERT INTO schedule VALUES ('W200-1300', 'W', TO_TIMESTAMP('13:00:00', 'HH24:MI:SS'), TO_TIMESTAMP('15:00:00', 'HH24:MI:SS'));
INSERT INTO schedule VALUES ('W200-1400', 'W', TO_TIMESTAMP('14:00:00', 'HH24:MI:SS'), TO_TIMESTAMP('16:00:00', 'HH24:MI:SS'));
INSERT INTO schedule VALUES ('W200-1500', 'W', TO_TIMESTAMP('15:00:00', 'HH24:MI:SS'), TO_TIMESTAMP('17:00:00', 'HH24:MI:SS'));
INSERT INTO schedule VALUES ('W200-1600', 'W', TO_TIMESTAMP('16:00:00', 'HH24:MI:SS'), TO_TIMESTAMP('18:00:00', 'HH24:MI:SS'));
INSERT INTO schedule VALUES ('W200-1700', 'W', TO_TIMESTAMP('17:00:00', 'HH24:MI:SS'), TO_TIMESTAMP('19:00:00', 'HH24:MI:SS'));
INSERT INTO schedule VALUES ('W200-1800', 'W', TO_TIMESTAMP('18:00:00', 'HH24:MI:SS'), TO_TIMESTAMP('20:00:00', 'HH24:MI:SS'));
INSERT INTO schedule VALUES ('W200-1900', 'W', TO_TIMESTAMP('19:00:00', 'HH24:MI:SS'), TO_TIMESTAMP('21:00:00', 'HH24:MI:SS'));
INSERT INTO schedule VALUES ('W300-0700', 'W', TO_TIMESTAMP('07:00:00', 'HH24:MI:SS'), TO_TIMESTAMP('10:00:00', 'HH24:MI:SS'));
INSERT INTO schedule VALUES ('W300-0800', 'W', TO_TIMESTAMP('08:00:00', 'HH24:MI:SS'), TO_TIMESTAMP('11:00:00', 'HH24:MI:SS'));

INSERT INTO schedule VALUES ('W300-0900', 'W', TO_TIMESTAMP('09:00:00', 'HH24:MI:SS'), TO_TIMESTAMP('12:00:00', 'HH24:MI:SS'));
INSERT INTO schedule VALUES ('W300-1000', 'W', TO_TIMESTAMP('10:00:00', 'HH24:MI:SS'), TO_TIMESTAMP('13:00:00', 'HH24:MI:SS'));
INSERT INTO schedule VALUES ('W300-1100', 'W', TO_TIMESTAMP('11:00:00', 'HH24:MI:SS'), TO_TIMESTAMP('14:00:00', 'HH24:MI:SS'));
INSERT INTO schedule VALUES ('W300-1200', 'W', TO_TIMESTAMP('12:00:00', 'HH24:MI:SS'), TO_TIMESTAMP('15:00:00', 'HH24:MI:SS'));
INSERT INTO schedule VALUES ('W300-1300', 'W', TO_TIMESTAMP('13:00:00', 'HH24:MI:SS'), TO_TIMESTAMP('16:00:00', 'HH24:MI:SS'));
INSERT INTO schedule VALUES ('W300-1400', 'W', TO_TIMESTAMP('14:00:00', 'HH24:MI:SS'), TO_TIMESTAMP('17:00:00', 'HH24:MI:SS'));
INSERT INTO schedule VALUES ('W300-1500', 'W', TO_TIMESTAMP('15:00:00', 'HH24:MI:SS'), TO_TIMESTAMP('18:00:00', 'HH24:MI:SS'));
INSERT INTO schedule VALUES ('W300-1600', 'W', TO_TIMESTAMP('16:00:00', 'HH24:MI:SS'), TO_TIMESTAMP('19:00:00', 'HH24:MI:SS'));
INSERT INTO schedule VALUES ('W300-1700', 'W', TO_TIMESTAMP('17:00:00', 'HH24:MI:SS'), TO_TIMESTAMP('20:00:00', 'HH24:MI:SS'));
INSERT INTO schedule VALUES ('W300-1800', 'W', TO_TIMESTAMP('18:00:00', 'HH24:MI:SS'), TO_TIMESTAMP('21:00:00', 'HH24:MI:SS'));
INSERT INTO schedule VALUES ('Th130-0700', 'Th', TO_TIMESTAMP('07:00:00', 'HH24:MI:SS'), TO_TIMESTAMP('08:30:00', 'HH24:MI:SS'));
INSERT INTO schedule VALUES ('Th130-0830', 'Th', TO_TIMESTAMP('08:30:00', 'HH24:MI:SS'), TO_TIMESTAMP('10:00:00', 'HH24:MI:SS'));
INSERT INTO schedule VALUES ('Th130-1000', 'Th', TO_TIMESTAMP('10:00:00', 'HH24:MI:SS'), TO_TIMESTAMP('11:30:00', 'HH24:MI:SS'));
INSERT INTO schedule VALUES ('Th130-1130', 'Th', TO_TIMESTAMP('11:30:00', 'HH24:MI:SS'), TO_TIMESTAMP('13:00:00', 'HH24:MI:SS'));
INSERT INTO schedule VALUES ('Th130-1300', 'Th', TO_TIMESTAMP('13:00:00', 'HH24:MI:SS'), TO_TIMESTAMP('14:30:00', 'HH24:MI:SS'));

INSERT INTO schedule VALUES ('Th130-1430', 'Th', TO_TIMESTAMP('14:30:00', 'HH24:MI:SS'), TO_TIMESTAMP('16:00:00', 'HH24:MI:SS'));
INSERT INTO schedule VALUES ('Th130-1600', 'Th', TO_TIMESTAMP('16:00:00', 'HH24:MI:SS'), TO_TIMESTAMP('17:30:00', 'HH24:MI:SS'));
INSERT INTO schedule VALUES ('Th130-1730', 'Th', TO_TIMESTAMP('17:30:00', 'HH24:MI:SS'), TO_TIMESTAMP('19:00:00', 'HH24:MI:SS'));
INSERT INTO schedule VALUES ('Th130-1900', 'Th', TO_TIMESTAMP('19:00:00', 'HH24:MI:SS'), TO_TIMESTAMP('20:30:00', 'HH24:MI:SS'));
INSERT INTO schedule VALUES ('Th200-0700', 'Th', TO_TIMESTAMP('07:00:00', 'HH24:MI:SS'), TO_TIMESTAMP('09:00:00', 'HH24:MI:SS'));
INSERT INTO schedule VALUES ('Th200-0800', 'Th', TO_TIMESTAMP('08:00:00', 'HH24:MI:SS'), TO_TIMESTAMP('10:00:00', 'HH24:MI:SS'));
INSERT INTO schedule VALUES ('Th200-0900', 'Th', TO_TIMESTAMP('09:00:00', 'HH24:MI:SS'), TO_TIMESTAMP('11:00:00', 'HH24:MI:SS'));
INSERT INTO schedule VALUES ('Th200-1000', 'Th', TO_TIMESTAMP('10:00:00', 'HH24:MI:SS'), TO_TIMESTAMP('12:00:00', 'HH24:MI:SS'));
INSERT INTO schedule VALUES ('Th200-1100', 'Th', TO_TIMESTAMP('11:00:00', 'HH24:MI:SS'), TO_TIMESTAMP('13:00:00', 'HH24:MI:SS'));
INSERT INTO schedule VALUES ('Th200-1200', 'Th', TO_TIMESTAMP('12:00:00', 'HH24:MI:SS'), TO_TIMESTAMP('14:00:00', 'HH24:MI:SS'));
INSERT INTO schedule VALUES ('Th200-1300', 'Th', TO_TIMESTAMP('13:00:00', 'HH24:MI:SS'), TO_TIMESTAMP('15:00:00', 'HH24:MI:SS'));
INSERT INTO schedule VALUES ('Th200-1400', 'Th', TO_TIMESTAMP('14:00:00', 'HH24:MI:SS'), TO_TIMESTAMP('16:00:00', 'HH24:MI:SS'));
INSERT INTO schedule VALUES ('Th200-1500', 'Th', TO_TIMESTAMP('15:00:00', 'HH24:MI:SS'), TO_TIMESTAMP('17:00:00', 'HH24:MI:SS'));
INSERT INTO schedule VALUES ('Th200-1600', 'Th', TO_TIMESTAMP('16:00:00', 'HH24:MI:SS'), TO_TIMESTAMP('18:00:00', 'HH24:MI:SS'));

INSERT INTO schedule VALUES ('Th200-1700', 'Th', TO_TIMESTAMP('17:00:00', 'HH24:MI:SS'), TO_TIMESTAMP('19:00:00', 'HH24:MI:SS'));
INSERT INTO schedule VALUES ('Th200-1800', 'Th', TO_TIMESTAMP('18:00:00', 'HH24:MI:SS'), TO_TIMESTAMP('20:00:00', 'HH24:MI:SS'));
INSERT INTO schedule VALUES ('Th200-1900', 'Th', TO_TIMESTAMP('19:00:00', 'HH24:MI:SS'), TO_TIMESTAMP('21:00:00', 'HH24:MI:SS'));
INSERT INTO schedule VALUES ('Th300-0700', 'Th', TO_TIMESTAMP('07:00:00', 'HH24:MI:SS'), TO_TIMESTAMP('10:00:00', 'HH24:MI:SS'));
INSERT INTO schedule VALUES ('Th300-0800', 'Th', TO_TIMESTAMP('08:00:00', 'HH24:MI:SS'), TO_TIMESTAMP('11:00:00', 'HH24:MI:SS'));
INSERT INTO schedule VALUES ('Th300-0900', 'Th', TO_TIMESTAMP('09:00:00', 'HH24:MI:SS'), TO_TIMESTAMP('12:00:00', 'HH24:MI:SS'));
INSERT INTO schedule VALUES ('Th300-1000', 'Th', TO_TIMESTAMP('10:00:00', 'HH24:MI:SS'), TO_TIMESTAMP('13:00:00', 'HH24:MI:SS'));
INSERT INTO schedule VALUES ('Th300-1100', 'Th', TO_TIMESTAMP('11:00:00', 'HH24:MI:SS'), TO_TIMESTAMP('14:00:00', 'HH24:MI:SS'));
INSERT INTO schedule VALUES ('Th300-1200', 'Th', TO_TIMESTAMP('12:00:00', 'HH24:MI:SS'), TO_TIMESTAMP('15:00:00', 'HH24:MI:SS'));
INSERT INTO schedule VALUES ('Th300-1300', 'Th', TO_TIMESTAMP('13:00:00', 'HH24:MI:SS'), TO_TIMESTAMP('16:00:00', 'HH24:MI:SS'));
INSERT INTO schedule VALUES ('Th300-1400', 'Th', TO_TIMESTAMP('14:00:00', 'HH24:MI:SS'), TO_TIMESTAMP('17:00:00', 'HH24:MI:SS'));
INSERT INTO schedule VALUES ('Th300-1500', 'Th', TO_TIMESTAMP('15:00:00', 'HH24:MI:SS'), TO_TIMESTAMP('18:00:00', 'HH24:MI:SS'));
INSERT INTO schedule VALUES ('Th300-1600', 'Th', TO_TIMESTAMP('16:00:00', 'HH24:MI:SS'), TO_TIMESTAMP('19:00:00', 'HH24:MI:SS'));
INSERT INTO schedule VALUES ('Th300-1700', 'Th', TO_TIMESTAMP('17:00:00', 'HH24:MI:SS'), TO_TIMESTAMP('20:00:00', 'HH24:MI:SS'));
INSERT INTO schedule VALUES ('Th300-1800', 'Th', TO_TIMESTAMP('18:00:00', 'HH24:MI:SS'), TO_TIMESTAMP('21:00:00', 'HH24:MI:SS'));


INSERT INTO schedule VALUES ('F130-0700', 'F', TO_TIMESTAMP('07:00:00', 'HH24:MI:SS'), TO_TIMESTAMP('08:30:00', 'HH24:MI:SS'));
INSERT INTO schedule VALUES ('F130-0830', 'F', TO_TIMESTAMP('08:30:00', 'HH24:MI:SS'), TO_TIMESTAMP('10:00:00', 'HH24:MI:SS'));
INSERT INTO schedule VALUES ('F130-1000', 'F', TO_TIMESTAMP('10:00:00', 'HH24:MI:SS'), TO_TIMESTAMP('11:30:00', 'HH24:MI:SS'));
INSERT INTO schedule VALUES ('F130-1130', 'F', TO_TIMESTAMP('11:30:00', 'HH24:MI:SS'), TO_TIMESTAMP('13:00:00', 'HH24:MI:SS'));
INSERT INTO schedule VALUES ('F130-1300', 'F', TO_TIMESTAMP('13:00:00', 'HH24:MI:SS'), TO_TIMESTAMP('14:30:00', 'HH24:MI:SS'));
INSERT INTO schedule VALUES ('F130-1430', 'F', TO_TIMESTAMP('14:30:00', 'HH24:MI:SS'), TO_TIMESTAMP('16:00:00', 'HH24:MI:SS'));
INSERT INTO schedule VALUES ('F130-1600', 'F', TO_TIMESTAMP('16:00:00', 'HH24:MI:SS'), TO_TIMESTAMP('17:30:00', 'HH24:MI:SS'));
INSERT INTO schedule VALUES ('F130-1730', 'F', TO_TIMESTAMP('17:30:00', 'HH24:MI:SS'), TO_TIMESTAMP('19:00:00', 'HH24:MI:SS'));
INSERT INTO schedule VALUES ('F130-1900', 'F', TO_TIMESTAMP('19:00:00', 'HH24:MI:SS'), TO_TIMESTAMP('20:30:00', 'HH24:MI:SS'));
INSERT INTO schedule VALUES ('F200-0700', 'F', TO_TIMESTAMP('07:00:00', 'HH24:MI:SS'), TO_TIMESTAMP('09:00:00', 'HH24:MI:SS'));
INSERT INTO schedule VALUES ('F200-0800', 'F', TO_TIMESTAMP('08:00:00', 'HH24:MI:SS'), TO_TIMESTAMP('10:00:00', 'HH24:MI:SS'));
INSERT INTO schedule VALUES ('F200-0900', 'F', TO_TIMESTAMP('09:00:00', 'HH24:MI:SS'), TO_TIMESTAMP('11:00:00', 'HH24:MI:SS'));
INSERT INTO schedule VALUES ('F200-1000', 'F', TO_TIMESTAMP('10:00:00', 'HH24:MI:SS'), TO_TIMESTAMP('12:00:00', 'HH24:MI:SS'));
INSERT INTO schedule VALUES ('F200-1100', 'F', TO_TIMESTAMP('11:00:00', 'HH24:MI:SS'), TO_TIMESTAMP('13:00:00', 'HH24:MI:SS'));
INSERT INTO schedule VALUES ('F200-1200', 'F', TO_TIMESTAMP('12:00:00', 'HH24:MI:SS'), TO_TIMESTAMP('14:00:00', 'HH24:MI:SS'));
INSERT INTO schedule VALUES ('F200-1300', 'F', TO_TIMESTAMP('13:00:00', 'HH24:MI:SS'), TO_TIMESTAMP('15:00:00', 'HH24:MI:SS'));
INSERT INTO schedule VALUES ('F200-1400', 'F', TO_TIMESTAMP('14:00:00', 'HH24:MI:SS'), TO_TIMESTAMP('16:00:00', 'HH24:MI:SS'));
INSERT INTO schedule VALUES ('F200-1500', 'F', TO_TIMESTAMP('15:00:00', 'HH24:MI:SS'), TO_TIMESTAMP('17:00:00', 'HH24:MI:SS'));
INSERT INTO schedule VALUES ('F200-1600', 'F', TO_TIMESTAMP('16:00:00', 'HH24:MI:SS'), TO_TIMESTAMP('18:00:00', 'HH24:MI:SS'));
INSERT INTO schedule VALUES ('F200-1700', 'F', TO_TIMESTAMP('17:00:00', 'HH24:MI:SS'), TO_TIMESTAMP('19:00:00', 'HH24:MI:SS'));
INSERT INTO schedule VALUES ('F200-1800', 'F', TO_TIMESTAMP('18:00:00', 'HH24:MI:SS'), TO_TIMESTAMP('20:00:00', 'HH24:MI:SS'));
INSERT INTO schedule VALUES ('F200-1900', 'F', TO_TIMESTAMP('19:00:00', 'HH24:MI:SS'), TO_TIMESTAMP('21:00:00', 'HH24:MI:SS'));
INSERT INTO schedule VALUES ('F300-0700', 'F', TO_TIMESTAMP('07:00:00', 'HH24:MI:SS'), TO_TIMESTAMP('10:00:00', 'HH24:MI:SS'));
INSERT INTO schedule VALUES ('F300-0800', 'F', TO_TIMESTAMP('08:00:00', 'HH24:MI:SS'), TO_TIMESTAMP('11:00:00', 'HH24:MI:SS'));
INSERT INTO schedule VALUES ('F300-0900', 'F', TO_TIMESTAMP('09:00:00', 'HH24:MI:SS'), TO_TIMESTAMP('12:00:00', 'HH24:MI:SS'));
INSERT INTO schedule VALUES ('F300-1000', 'F', TO_TIMESTAMP('10:00:00', 'HH24:MI:SS'), TO_TIMESTAMP('13:00:00', 'HH24:MI:SS'));
INSERT INTO schedule VALUES ('F300-1100', 'F', TO_TIMESTAMP('11:00:00', 'HH24:MI:SS'), TO_TIMESTAMP('14:00:00', 'HH24:MI:SS'));
INSERT INTO schedule VALUES ('F300-1200', 'F', TO_TIMESTAMP('12:00:00', 'HH24:MI:SS'), TO_TIMESTAMP('15:00:00', 'HH24:MI:SS'));
INSERT INTO schedule VALUES ('F300-1300', 'F', TO_TIMESTAMP('13:00:00', 'HH24:MI:SS'), TO_TIMESTAMP('16:00:00', 'HH24:MI:SS'));
INSERT INTO schedule VALUES ('F300-1400', 'F', TO_TIMESTAMP('14:00:00', 'HH24:MI:SS'), TO_TIMESTAMP('17:00:00', 'HH24:MI:SS'));
INSERT INTO schedule VALUES ('F300-1500', 'F', TO_TIMESTAMP('15:00:00', 'HH24:MI:SS'), TO_TIMESTAMP('18:00:00', 'HH24:MI:SS'));
INSERT INTO schedule VALUES ('F300-1600', 'F', TO_TIMESTAMP('16:00:00', 'HH24:MI:SS'), TO_TIMESTAMP('19:00:00', 'HH24:MI:SS'));
INSERT INTO schedule VALUES ('F300-1700', 'F', TO_TIMESTAMP('17:00:00', 'HH24:MI:SS'), TO_TIMESTAMP('20:00:00', 'HH24:MI:SS'));
INSERT INTO schedule VALUES ('F300-1800', 'F', TO_TIMESTAMP('18:00:00', 'HH24:MI:SS'), TO_TIMESTAMP('21:00:00', 'HH24:MI:SS'));
INSERT INTO schedule VALUES ('S130-0700', 'S', TO_TIMESTAMP('07:00:00', 'HH24:MI:SS'), TO_TIMESTAMP('08:30:00', 'HH24:MI:SS'));
INSERT INTO schedule VALUES ('S130-0830', 'S', TO_TIMESTAMP('08:30:00', 'HH24:MI:SS'), TO_TIMESTAMP('10:00:00', 'HH24:MI:SS'));
INSERT INTO schedule VALUES ('S130-1000', 'S', TO_TIMESTAMP('10:00:00', 'HH24:MI:SS'), TO_TIMESTAMP('11:30:00', 'HH24:MI:SS'));
INSERT INTO schedule VALUES ('S130-1130', 'S', TO_TIMESTAMP('11:30:00', 'HH24:MI:SS'), TO_TIMESTAMP('13:00:00', 'HH24:MI:SS'));
INSERT INTO schedule VALUES ('S130-1300', 'S', TO_TIMESTAMP('13:00:00', 'HH24:MI:SS'), TO_TIMESTAMP('14:30:00', 'HH24:MI:SS'));
INSERT INTO schedule VALUES ('S130-1430', 'S', TO_TIMESTAMP('14:30:00', 'HH24:MI:SS'), TO_TIMESTAMP('16:00:00', 'HH24:MI:SS'));
INSERT INTO schedule VALUES ('S130-1600', 'S', TO_TIMESTAMP('16:00:00', 'HH24:MI:SS'), TO_TIMESTAMP('17:30:00', 'HH24:MI:SS'));
INSERT INTO schedule VALUES ('S130-1730', 'S', TO_TIMESTAMP('17:30:00', 'HH24:MI:SS'), TO_TIMESTAMP('19:00:00', 'HH24:MI:SS'));
INSERT INTO schedule VALUES ('S130-1900', 'S', TO_TIMESTAMP('19:00:00', 'HH24:MI:SS'), TO_TIMESTAMP('20:30:00', 'HH24:MI:SS'));
INSERT INTO schedule VALUES ('S200-0700', 'S', TO_TIMESTAMP('07:00:00', 'HH24:MI:SS'), TO_TIMESTAMP('09:00:00', 'HH24:MI:SS'));
INSERT INTO schedule VALUES ('S200-0800', 'S', TO_TIMESTAMP('08:00:00', 'HH24:MI:SS'), TO_TIMESTAMP('10:00:00', 'HH24:MI:SS'));
INSERT INTO schedule VALUES ('S200-0900', 'S', TO_TIMESTAMP('09:00:00', 'HH24:MI:SS'), TO_TIMESTAMP('11:00:00', 'HH24:MI:SS'));
INSERT INTO schedule VALUES ('S200-1000', 'S', TO_TIMESTAMP('10:00:00', 'HH24:MI:SS'), TO_TIMESTAMP('12:00:00', 'HH24:MI:SS'));
INSERT INTO schedule VALUES ('S200-1100', 'S', TO_TIMESTAMP('11:00:00', 'HH24:MI:SS'), TO_TIMESTAMP('13:00:00', 'HH24:MI:SS'));
INSERT INTO schedule VALUES ('S200-1200', 'S', TO_TIMESTAMP('12:00:00', 'HH24:MI:SS'), TO_TIMESTAMP('14:00:00', 'HH24:MI:SS'));
INSERT INTO schedule VALUES ('S200-1300', 'S', TO_TIMESTAMP('13:00:00', 'HH24:MI:SS'), TO_TIMESTAMP('15:00:00', 'HH24:MI:SS'));
INSERT INTO schedule VALUES ('S200-1400', 'S', TO_TIMESTAMP('14:00:00', 'HH24:MI:SS'), TO_TIMESTAMP('16:00:00', 'HH24:MI:SS'));
INSERT INTO schedule VALUES ('S200-1500', 'S', TO_TIMESTAMP('15:00:00', 'HH24:MI:SS'), TO_TIMESTAMP('17:00:00', 'HH24:MI:SS'));
INSERT INTO schedule VALUES ('S200-1600', 'S', TO_TIMESTAMP('16:00:00', 'HH24:MI:SS'), TO_TIMESTAMP('18:00:00', 'HH24:MI:SS'));
INSERT INTO schedule VALUES ('S200-1700', 'S', TO_TIMESTAMP('17:00:00', 'HH24:MI:SS'), TO_TIMESTAMP('19:00:00', 'HH24:MI:SS'));
INSERT INTO schedule VALUES ('S200-1800', 'S', TO_TIMESTAMP('18:00:00', 'HH24:MI:SS'), TO_TIMESTAMP('20:00:00', 'HH24:MI:SS'));
INSERT INTO schedule VALUES ('S200-1900', 'S', TO_TIMESTAMP('19:00:00', 'HH24:MI:SS'), TO_TIMESTAMP('21:00:00', 'HH24:MI:SS'));
INSERT INTO schedule VALUES ('S300-0700', 'S', TO_TIMESTAMP('07:00:00', 'HH24:MI:SS'), TO_TIMESTAMP('10:00:00', 'HH24:MI:SS'));
INSERT INTO schedule VALUES ('S300-0800', 'S', TO_TIMESTAMP('08:00:00', 'HH24:MI:SS'), TO_TIMESTAMP('11:00:00', 'HH24:MI:SS'));
INSERT INTO schedule VALUES ('S300-0900', 'S', TO_TIMESTAMP('09:00:00', 'HH24:MI:SS'), TO_TIMESTAMP('12:00:00', 'HH24:MI:SS'));
INSERT INTO schedule VALUES ('S300-1000', 'S', TO_TIMESTAMP('10:00:00', 'HH24:MI:SS'), TO_TIMESTAMP('13:00:00', 'HH24:MI:SS'));
INSERT INTO schedule VALUES ('S300-1100', 'S', TO_TIMESTAMP('11:00:00', 'HH24:MI:SS'), TO_TIMESTAMP('14:00:00', 'HH24:MI:SS'));
INSERT INTO schedule VALUES ('S300-1200', 'S', TO_TIMESTAMP('12:00:00', 'HH24:MI:SS'), TO_TIMESTAMP('15:00:00', 'HH24:MI:SS'));
INSERT INTO schedule VALUES ('S300-1300', 'S', TO_TIMESTAMP('13:00:00', 'HH24:MI:SS'), TO_TIMESTAMP('16:00:00', 'HH24:MI:SS'));
INSERT INTO schedule VALUES ('S300-1400', 'S', TO_TIMESTAMP('14:00:00', 'HH24:MI:SS'), TO_TIMESTAMP('17:00:00', 'HH24:MI:SS'));
INSERT INTO schedule VALUES ('S300-1500', 'S', TO_TIMESTAMP('15:00:00', 'HH24:MI:SS'), TO_TIMESTAMP('18:00:00', 'HH24:MI:SS'));
INSERT INTO schedule VALUES ('S300-1600', 'S', TO_TIMESTAMP('16:00:00', 'HH24:MI:SS'), TO_TIMESTAMP('19:00:00', 'HH24:MI:SS'));
INSERT INTO schedule VALUES ('S300-1700', 'S', TO_TIMESTAMP('17:00:00', 'HH24:MI:SS'), TO_TIMESTAMP('20:00:00', 'HH24:MI:SS'));
INSERT INTO schedule VALUES ('S300-1800', 'S', TO_TIMESTAMP('18:00:00', 'HH24:MI:SS'), TO_TIMESTAMP('21:00:00', 'HH24:MI:SS'));

-- Insert schedule options
INSERT INTO schedule_option VALUES ('001-MTh-01', 'M130-0700', 'FAC001');
INSERT INTO schedule_option VALUES ('001-MTh-01', 'Th130-0700', 'FAC001');
INSERT INTO schedule_option VALUES ('001-MTh-02', 'M130-0830', 'FAC001');
INSERT INTO schedule_option VALUES ('001-MTh-02', 'Th130-0830', 'FAC001');
INSERT INTO schedule_option VALUES ('001-MTh-03', 'M130-1000', 'FAC001');
INSERT INTO schedule_option VALUES ('001-MTh-03', 'Th130-1000', 'FAC001');
INSERT INTO schedule_option VALUES ('001-MTh-04', 'M130-1300', 'FAC001');
INSERT INTO schedule_option VALUES ('001-MTh-04', 'Th130-1300', 'FAC001');
INSERT INTO schedule_option VALUES ('001-TF-01', 'T130-0700', 'FAC001');
INSERT INTO schedule_option VALUES ('001-TF-01', 'F130-0700', 'FAC001');
INSERT INTO schedule_option VALUES ('001-TF-02', 'T130-0830', 'FAC001');
INSERT INTO schedule_option VALUES ('001-TF-02', 'F130-0830', 'FAC001');
INSERT INTO schedule_option VALUES ('001-TF-03', 'T130-1000', 'FAC001');
INSERT INTO schedule_option VALUES ('001-TF-03', 'F130-1000', 'FAC001');
INSERT INTO schedule_option VALUES ('001-TF-04', 'T130-1300', 'FAC001');
INSERT INTO schedule_option VALUES ('001-TF-04', 'F130-1300', 'FAC001');

INSERT INTO schedule_option VALUES ('002-TF-01', 'T130-1300', 'FAC002');
INSERT INTO schedule_option VALUES ('002-TF-01', 'F130-1300', 'FAC002');
INSERT INTO schedule_option VALUES ('002-TF-02', 'T130-1430', 'FAC002');
INSERT INTO schedule_option VALUES ('002-TF-02', 'F130-1430', 'FAC002');
INSERT INTO schedule_option VALUES ('002-TF-03', 'T130-1600', 'FAC002');
INSERT INTO schedule_option VALUES ('002-TF-03', 'F130-1600', 'FAC002');
INSERT INTO schedule_option VALUES ('002-WS-01', 'W130-1300', 'FAC002');
INSERT INTO schedule_option VALUES ('002-WS-01', 'S130-1300', 'FAC002');
INSERT INTO schedule_option VALUES ('002-WS-02', 'W130-1430', 'FAC002');
INSERT INTO schedule_option VALUES ('002-WS-02', 'S130-1430', 'FAC002');
INSERT INTO schedule_option VALUES ('002-WS-03', 'W130-1600', 'FAC002');
INSERT INTO schedule_option VALUES ('002-WS-03', 'S130-1600', 'FAC002');

INSERT INTO schedule_option VALUES ('003-M-01', 'M200-0700', 'FAC003');
INSERT INTO schedule_option VALUES ('003-M-02', 'M200-0900', 'FAC003');
INSERT INTO schedule_option VALUES ('003-Th-01', 'Th300-0700', 'FAC003');
INSERT INTO schedule_option VALUES ('003-Th-02', 'Th300-1200', 'FAC003');
INSERT INTO schedule_option VALUES ('003-W-01', 'W200-0700', 'FAC003');
INSERT INTO schedule_option VALUES ('003-W-02', 'W200-0900', 'FAC003');
INSERT INTO schedule_option VALUES ('003-S-01', 'S300-0700', 'FAC003');
INSERT INTO schedule_option VALUES ('003-S-02', 'S300-1200', 'FAC003');

INSERT INTO schedule_option VALUES ('004-M-01', 'M200-1600', 'FAC004');
INSERT INTO schedule_option VALUES ('004-M-02', 'M300-1800', 'FAC004');
INSERT INTO schedule_option VALUES ('004-Th-01', 'Th300-1600', 'FAC004');
INSERT INTO schedule_option VALUES ('004-Th-02', 'Th200-1900', 'FAC004');

INSERT INTO schedule_option VALUES ('005-T-01', 'T300-1300', 'FAC005');
INSERT INTO schedule_option VALUES ('005-T-02', 'T200-1600', 'FAC005');
INSERT INTO schedule_option VALUES ('005-F-01', 'F200-1300', 'FAC005');
INSERT INTO schedule_option VALUES ('005-F-02', 'F300-1500', 'FAC005');

INSERT INTO schedule_option VALUES ('006-W-01', 'W200-0700', 'FAC006');
INSERT INTO schedule_option VALUES ('006-W-02', 'W200-0900', 'FAC006');
INSERT INTO schedule_option VALUES ('006-S-01', 'S300-0700', 'FAC006');
INSERT INTO schedule_option VALUES ('006-S-02', 'S300-1000', 'FAC006');

INSERT INTO schedule_option VALUES ('007-M-01', 'M300-1300', 'FAC007');
INSERT INTO schedule_option VALUES ('007-M-02', 'M200-1600', 'FAC007');
INSERT INTO schedule_option VALUES ('007-Th-01', 'Th200-1300', 'FAC007');
INSERT INTO schedule_option VALUES ('007-Th-02', 'Th300-1500', 'FAC007');

INSERT INTO schedule_option VALUES ('008-T-01', 'T200-1600', 'FAC008');
INSERT INTO schedule_option VALUES ('008-T-02', 'T300-1800', 'FAC008');
INSERT INTO schedule_option VALUES ('008-F-01', 'F300-1600', 'FAC008');
INSERT INTO schedule_option VALUES ('008-F-02', 'F200-1900', 'FAC008');

INSERT INTO schedule_option VALUES ('009-WS-01', 'W130-1600', 'FAC009');
INSERT INTO schedule_option VALUES ('009-WS-01', 'S130-1600', 'FAC009');
INSERT INTO schedule_option VALUES ('009-WS-02', 'W130-1730', 'FAC009');
INSERT INTO schedule_option VALUES ('009-WS-02', 'S130-1730', 'FAC009');

INSERT INTO schedule_option VALUES ('010-MTh-01', 'M130-0700', 'FAC010');
INSERT INTO schedule_option VALUES ('010-MTh-01', 'Th130-0700','FAC010');
INSERT INTO schedule_option VALUES ('010-TF-02', 'T130-1000', 'FAC010');
INSERT INTO schedule_option VALUES ('010-TF-02', 'F130-1000', 'FAC010');
INSERT INTO schedule_option VALUES ('010-WS-01', 'W130-1300', 'FAC010');
INSERT INTO schedule_option VALUES ('010-WS-01', 'S130-1300', 'FAC010');
INSERT INTO schedule_option VALUES ('010-WS-02', 'W130-1600', 'FAC010');
INSERT INTO schedule_option VALUES ('010-WS-02', 'S130-1600', 'FAC010');

-- SUBJECT TABLE

CREATE TABLE subject (
    subject_id       VARCHAR2(50)  NOT NULL,
    subject_title    VARCHAR2(150) NOT NULL,
    lec_hours        VARCHAR2(15)  NOT NULL,
    lab_hours        VARCHAR2(15)  NOT NULL,
    units            DECIMAL(4,1)  NOT NULL,
    course_id        VARCHAR2(50),           -- Null = All Courses. Not Null = Exclusive
    CONSTRAINT subject_id_pk        PRIMARY KEY (subject_id),
    CONSTRAINT fk_course_exclusive  FOREIGN KEY (course_id) REFERENCES COURSE(course_id)
);

CREATE TABLE subject_section (
    section_id        INT              NOT NULL,
    subject_id        VARCHAR(50)      NOT NULL,
    day_of_week       VARCHAR(5)       NOT NULL,
    time_start        VARCHAR(15)      NOT NULL, -- iniba ko yung timestart and end to varchar from time
    time_end          VARCHAR(15)      NOT NULL,
    room              VARCHAR(50),
    faculty_id        VARCHAR(50),
    enroll_id         VARCHAR(5),
    CONSTRAINT subject_section_pk PRIMARY KEY (section_id, subject_id, day_of_week),
    CONSTRAINT subject_section_subject_fk FOREIGN KEY (subject_id) REFERENCES subject(subject_id) ON DELETE CASCADE,
    CONSTRAINT subject_section_faculty_fk FOREIGN KEY (faculty_id) REFERENCES faculty(faculty_id) ON DELETE SET NULL,
    CONSTRAINT subject_section_enroll_fk FOREIGN KEY (enroll_id) REFERENCES enrollment_status(enroll_id)
);


-- Create a new table to track subject section capacity and enrollment
CREATE TABLE subject_section_capacity (
    capacity_id         NUMBER GENERATED BY DEFAULT AS IDENTITY PRIMARY KEY,
    subject_id          VARCHAR(50) NOT NULL,
    section_id          INT         NOT NULL,
    day_of_week         VARCHAR(5)  NOT NULL, -- here just to solve PK/FK issues
    total_slots         INT         DEFAULT 40,
    filled_slots        INT         DEFAULT 0,
    max_capacity        INT         DEFAULT 40,
    enrollment_status   VARCHAR(10) DEFAULT 'OPEN', -- OPEN, LIMITED, FULL
    CONSTRAINT fk_capacity_subject_section FOREIGN KEY (section_id, subject_id, day_of_week) REFERENCES subject_section(section_id, subject_id, day_of_week)ON DELETE CASCADE,
    CONSTRAINT fk_capacity_subject FOREIGN KEY (subject_id) REFERENCES subject(subject_id)ON DELETE CASCADE,CONSTRAINT uq_subject_section_capacity UNIQUE (subject_id, section_id)
);

INSERT INTO subject_section_capacity (subject_id, section_id, total_slots, max_capacity)
SELECT ss.subject_id, ss.section_id, 40, 40
FROM subject_section ss;

--stored procedure to check slots before enlisting
CREATE OR REPLACE PROCEDURE sp_check_slots_before_enlist(
    p_student_id IN VARCHAR2,
    p_subject_id IN VARCHAR2,
    p_section IN NUMBER
) IS
    v_available_slots NUMBER;
    v_total_slots NUMBER;
    v_filled_slots NUMBER;
    v_enrollment_status VARCHAR2(10);
BEGIN
    SELECT total_slots, filled_slots, enrollment_status
    INTO v_total_slots, v_filled_slots, v_enrollment_status
    FROM subject_section_capacity 
    WHERE subject_id = p_subject_id 
    AND section_id = p_section;

    IF v_enrollment_status = 'FULL' THEN
        RAISE_APPLICATION_ERROR(-20001, 'This section is already full. Please choose another section.');
    END IF;

    v_available_slots := v_total_slots - v_filled_slots;

    IF v_available_slots <= 0 THEN
        RAISE_APPLICATION_ERROR(-20002, 'No available slots in this section.');
    END IF;

    DBMS_OUTPUT.PUT_LINE('Available slots: ' || v_available_slots || ' out of ' || v_total_slots);
END;

--trigger for student enlistment
CREATE OR REPLACE TRIGGER tr_update_section_capacity
AFTER INSERT ON student_enlistment
FOR EACH ROW
DECLARE
    v_current_filled NUMBER;
    v_total_slots NUMBER;
    v_available_slots NUMBER;
    v_enrollment_status VARCHAR2(10);
BEGIN
    UPDATE subject_section_capacity 
    SET filled_slots = filled_slots + 1,
        updated_at = SYSTIMESTAMP
    WHERE subject_id = :NEW.subject_id 
    AND section_id = :NEW.section;

    SELECT filled_slots, total_slots 
    INTO v_current_filled, v_total_slots
    FROM subject_section_capacity 
    WHERE subject_id = :NEW.subject_id 
    AND section_id = :NEW.section;

    v_available_slots := v_total_slots - v_current_filled;

    IF v_current_filled >= v_total_slots THEN
        v_enrollment_status := 'FULL';
    ELSIF v_available_slots <= 5 THEN
        v_enrollment_status := 'LIMITED';
    ELSE
        v_enrollment_status := 'OPEN';
    END IF;

    UPDATE subject_section_capacity 
    SET enrollment_status = v_enrollment_status,
        updated_at = SYSTIMESTAMP
    WHERE subject_id = :NEW.subject_id 
    AND section_id = :NEW.section;

    IF v_enrollment_status = 'FULL' THEN
        UPDATE subject_section 
        SET enroll_id = 'FULL'
        WHERE subject_id = :NEW.subject_id 
        AND section_id = :NEW.section;
    END IF;

    --for logging the enrollment
    INSERT INTO log_table (log_message, log_date, log_user, log_timestamp)
    VALUES (
        'Student ' || :NEW.student_id || ' enlisted in ' || :NEW.subject_id || ' Section ' || :NEW.section ||
        ' (Slots: ' || v_current_filled || '/' || v_total_slots || ' - Status: ' || v_enrollment_status || ')',
        SYSDATE,
        USER,
        SYSTIMESTAMP
    );
END;

--trigger for when a student is removed
CREATE OR REPLACE TRIGGER tr_decrement_section_capacity
AFTER DELETE ON student_enlistment
FOR EACH ROW
DECLARE
    v_current_filled NUMBER;
    v_total_slots NUMBER;
    v_available_slots NUMBER;
    v_enrollment_status VARCHAR2(10);
BEGIN
    UPDATE subject_section_capacity 
    SET filled_slots = filled_slots - 1,
        updated_at = SYSTIMESTAMP
    WHERE subject_id = :OLD.subject_id 
    AND section_id = :OLD.section;

    SELECT filled_slots, total_slots 
    INTO v_current_filled, v_total_slots
    FROM subject_section_capacity 
    WHERE subject_id = :OLD.subject_id 
    AND section_id = :OLD.section;

    v_available_slots := v_total_slots - v_current_filled;

    IF v_current_filled >= v_total_slots THEN
        v_enrollment_status := 'FULL';
    ELSIF v_available_slots <= 5 THEN
        v_enrollment_status := 'LIMITED';
    ELSE
        v_enrollment_status := 'OPEN';
    END IF;

    UPDATE subject_section_capacity 
    SET enrollment_status = v_enrollment_status,
        updated_at = SYSTIMESTAMP
    WHERE subject_id = :OLD.subject_id 
    AND section_id = :OLD.section;

    IF v_enrollment_status != 'FULL' THEN
        UPDATE subject_section 
        SET enroll_id = NULL
        WHERE subject_id = :OLD.subject_id 
        AND section_id = :OLD.section
        AND enroll_id = 'FULL';
    END IF;

    --logging the removal
    INSERT INTO log_table (log_message, log_date, log_user, log_timestamp)
    VALUES (
        'Student ' || :OLD.student_id || ' removed from ' || :OLD.subject_id || ' Section ' || :OLD.section ||
        ' (Slots: ' || v_current_filled || '/' || v_total_slots || ' - Status: ' || v_enrollment_status || ')',
        SYSDATE,
        USER,
        SYSTIMESTAMP
    );
END;

--trigger to prevent over-enrollment
CREATE OR REPLACE TRIGGER tr_prevent_overenrollment
BEFORE INSERT ON student_enlistment
FOR EACH ROW
DECLARE
    v_available_slots NUMBER;
    v_enrollment_status VARCHAR2(10);
BEGIN
    
    SELECT (total_slots - filled_slots), enrollment_status
    INTO v_available_slots, v_enrollment_status
    FROM subject_section_capacity 
    WHERE subject_id = :NEW.subject_id 
    AND section_id = :NEW.section;

    IF v_enrollment_status = 'FULL' THEN
        RAISE_APPLICATION_ERROR(-20001, 'Cannot enroll: This section is already full.');
    END IF;

    IF v_available_slots <= 0 THEN
        RAISE_APPLICATION_ERROR(-20002, 'Cannot enroll: No available slots in this section.');
    END IF;
END;



-- All dept subjects
INSERT INTO subject VALUES ('STS 0002', 'Science, Technology and Society', '01:30:00', '00:00:00', 3, NULL);
INSERT INTO subject VALUES ('AAP 0007', 'Art Appreciation', '03:00:00', '00:00:00', 3, NULL);
INSERT INTO subject VALUES ('PCM 0006', 'Purposive Communications', '02:00:00', '00:00:00', 2, NULL);
INSERT INTO subject VALUES ('MMW 0001', 'Mathematics in the Modern World', '01:30:00', '00:00:00', 3, NULL);
INSERT INTO subject VALUES ('IPP 0010', 'Interdisiplinaryong Pagbasa at Pagsulat', '03:00:00', '00:00:00', 3, NULL);
INSERT INTO subject VALUES ('ICC 0101', 'Introduction to Computing (lec)', '02:00:00', '00:00:00', 2, NULL);
INSERT INTO subject VALUES ('ICC 0101.1', 'Introduction to Computing (lab)', '00:00:00', '03:00:00', 1, NULL);
INSERT INTO subject VALUES ('ICC 0102', 'Fundamentals of Programming (lec)', '02:00:00', '00:00:00', 2, NULL);
INSERT INTO subject VALUES ('ICC 0102.1', 'Fundamentals of Programming (lab)', '00:00:00', '03:00:00', 1, NULL);
INSERT INTO subject VALUES ('PATHFIT 1', 'Physical Activities towards Health and Fitness 1', '01:30:00', '00:00:00', 2, NULL);
INSERT INTO subject VALUES ('NSTP 1', 'National Service Training Program 1', '03:00:00', '00:00:00', 3, NULL);
INSERT INTO subject VALUES ('ICC 0103', 'Intermediate Programming (lec)', '02:00:00', '00:00:00', 2, NULL);
INSERT INTO subject VALUES ('ICC 0103.1', 'Intermediate Programming (lab)', '00:00:00', '03:00:00', 1, NULL);
INSERT INTO subject VALUES ('PATHFIT 2', 'Physical Activities Towards Health and Fitness 2', '01:30:00', '00:00:00', 2, NULL);
INSERT INTO subject VALUES ('NSTP 2', 'National Service Training Program 2', '03:00:00', '00:00:00', 3, NULL);
INSERT INTO subject VALUES ('TCW 0005', 'The Contemporary World', '01:30:00', '00:00:00', 3, NULL);
INSERT INTO subject VALUES ('ICC 0104', 'Data Structures (lec)', '02:00:00', '00:00:00', 2, NULL);
INSERT INTO subject VALUES ('ICC 0104.1', 'Data Structures (lab)', '00:00:00', '03:00:00', 1, NULL);
INSERT INTO subject VALUES ('PATHFIT 3', 'PE Elective 1', '01:30:00', '00:00:00', 2, NULL);
INSERT INTO subject VALUES ('UTS 0003', 'Understanding the Self', '02:00:00', '00:00:00', 3, NULL);
INSERT INTO subject VALUES ('RPH 0004', 'Readings in Philippine History', '01:30:00', '00:00:00', 3, NULL);
INSERT INTO subject VALUES ('ICC 0105', 'Information Management (lec)', '02:00:00', '00:00:00', 2, NULL);
INSERT INTO subject VALUES ('ICC 0105.1', 'Information Management (lab)', '00:00:00', '03:00:00', 1, NULL);
INSERT INTO subject VALUES ('GES 0013', 'Environmental Science', '03:00:00', '00:00:00', 3, NULL);
INSERT INTO subject VALUES ('PATHFIT 4', 'PE Elective 2', '01:30:00', '00:00:00', 2, NULL);
INSERT INTO subject VALUES ('LWR 0009', 'Life and Works of Rizal', '03:00:00', '00:00:00', 3, NULL);
INSERT INTO subject VALUES ('ETH 0008', 'Ethics', '01:30:00', '00:00:00', 3, NULL);
INSERT INTO subject VALUES ('CET 0111', 'Calculus 1', '03:00:00', '00:00:00', 3, NULL);
INSERT INTO subject VALUES ('CET 0114', 'General Chemistry (lec)', '02:00:00', '00:00:00', 2, NULL);
INSERT INTO subject VALUES ('CET 0114.1', 'General Chemistry (lab)', '00:00:00', '03:00:00', 1, NULL);
INSERT INTO subject VALUES ('GTB 121', 'Great Books', '02:00:00', '00:00:00', 3, NULL);
INSERT INTO subject VALUES ('CET 0121', 'Calculus 2', '03:00:00', '00:00:00', 3, NULL);
INSERT INTO subject VALUES ('PPC 121', 'Philippine Popular Culture', '01:30:00', '00:00:00', 3, NULL);

-- BSIT exclusive subj
INSERT INTO subject VALUES ('EIT 0121', 'Introduction to Computer Human Interaction (lec)', '02:00:00', '00:00:00', 2, 'BSIT');
INSERT INTO subject VALUES ('EIT 0121.1', 'Introduction to Computer Human Interaction (lab)', '00:00:00', '03:00:00', 1, 'BSIT');
INSERT INTO subject VALUES ('EIT 0122', 'Discrete Mathematics', '01:30:00', '00:00:00', 3, 'BSIT');
INSERT INTO subject VALUES ('EIT 0123', 'Web Systems Technology (lec)', '02:00:00', '00:00:00', 2, 'BSIT');
INSERT INTO subject VALUES ('EIT 0123.1', 'Web Systems Technology (lab)', '00:00:00', '03:00:00', 1, 'BSIT');
INSERT INTO subject VALUES ('CET 0225', 'Physics for IT (lec)', '02:00:00', '00:00:00', 2, 'BSIT');
INSERT INTO subject VALUES ('CET 0225.1', 'Physics for IT (lab)', '00:00:00', '03:00:00', 1, 'BSIT');
INSERT INTO subject VALUES ('EIT 0211', 'Object Oriented Programming (lec)', '02:00:00', '00:00:00', 2, 'BSIT');
INSERT INTO subject VALUES ('EIT 0211.1', 'Object Oriented Programming (lab)', '00:00:00', '03:00:00', 1, 'BSIT');
INSERT INTO subject VALUES ('EIT Elective 1', 'Professional Elective 1', '03:00:00', '00:00:00', 3, 'BSIT');
INSERT INTO subject VALUES ('EIT 0212', 'Platform Technology', '02:00:00', '00:00:00', 3, 'BSIT');
INSERT INTO subject VALUES ('EIT 0221', 'Quantitative Methods', '01:30:00', '00:00:00', 3, 'BSIT');
INSERT INTO subject VALUES ('EIT 0222', 'Networking 1 (lec)', '02:00:00', '00:00:00', 2, 'BSIT');
INSERT INTO subject VALUES ('EIT 0222.1', 'Networking 1 (lab)', '00:00:00', '03:00:00', 1, 'BSIT');
INSERT INTO subject VALUES ('EIT Elective 2', 'Professional Elective 2', '03:00:00', '00:00:00', 3, 'BSIT');
INSERT INTO subject VALUES ('ICC 0335', 'Application and Emerging Technologies (lec)', '02:00:00', '00:00:00', 2, 'BSIT');
INSERT INTO subject VALUES ('ICC 0335.1', 'Application and Emerging Technologies (lab)', '00:00:00', '03:00:00', 1, 'BSIT');
INSERT INTO subject VALUES ('EIT 0311', 'Advanced Database Systems (lec)', '02:00:00', '00:00:00', 2, 'BSIT');
INSERT INTO subject VALUES ('EIT 0311.1', 'Advanced Database Systems (lab)', '00:00:00', '03:00:00', 1, 'BSIT');
INSERT INTO subject VALUES ('EIT 0312', 'Networking 2 (lec)', '02:00:00', '00:00:00', 2, 'BSIT');
INSERT INTO subject VALUES ('EIT 0312.1', 'Networking 2 (lab)', '00:00:00', '03:00:00', 1, 'BSIT');
INSERT INTO subject VALUES ('EIT Elective 3', 'Professional Elective 3', '03:00:00', '00:00:00', 3, 'BSIT');
INSERT INTO subject VALUES ('EIT 0321', 'Information Assurance and Security 1 (lec)', '02:00:00', '00:00:00', 2, 'BSIT');
INSERT INTO subject VALUES ('EIT 0321.1', 'Information Assurance and Security 1 (lab)', '00:00:00', '03:00:00', 1, 'BSIT');
INSERT INTO subject VALUES ('EIT 0322', 'System Integration and Architecture 1 (lec)', '02:00:00', '00:00:00', 2, 'BSIT');
INSERT INTO subject VALUES ('EIT 0322.1', 'System Integration and Architecture 1 (lab)', '00:00:00', '03:00:00', 1, 'BSIT');
INSERT INTO subject VALUES ('EIT 0323', 'Integrative Programming and Technologies (lec)', '02:00:00', '00:00:00', 2, 'BSIT');
INSERT INTO subject VALUES ('EIT 0323.1', 'Integrative Programming and Technologies (lab)', '00:00:00', '03:00:00', 1, 'BSIT');
INSERT INTO subject VALUES ('EIT 0331', 'System Integration and Architecture 2 (lec)', '02:00:00', '00:00:00', 2, 'BSIT');
INSERT INTO subject VALUES ('EIT 0331.1', 'System Integration and Architecture 2 (lab)', '00:00:00', '03:00:00', 1, 'BSIT');
INSERT INTO subject VALUES ('CAP 0101', 'Capstone Project 1', '03:00:00', '00:00:00', 3, 'BSIT');
INSERT INTO subject VALUES ('EIT Elective 4', 'Professional Elective 4', '03:00:00', '00:00:00', 3, 'BSIT');
INSERT INTO subject VALUES ('EIT Elective 5', 'Professional Elective 5', '03:00:00', '00:00:00', 3, 'BSIT');
INSERT INTO subject VALUES ('EIT Elective 6', 'Professional Elective 6', '03:00:00', '00:00:00', 3, 'BSIT');
INSERT INTO subject VALUES ('CAP 0102', 'Capstone Project 2', '03:00:00', '00:00:00', 3, 'BSIT');
INSERT INTO subject VALUES ('IIP 0101', 'Practicum (Lecture)', '02:00:00', '00:00:00', 2, 'BSIT');
INSERT INTO subject VALUES ('IIP 0102', 'Practicum (Immersion)', '03:00:00', '00:00:00', 4, 'BSIT');

-- BSCS exclusive subjects -- 
INSERT INTO subject VALUES ('CSC 0102', 'Discrete Structures 1', '03:00:00', '00:00:00', 3, 'BSCS');
INSERT INTO subject VALUES ('CSC 0211', 'Discrete Structures 2', '03:00:00', '00:00:00', 3, 'BSCS');
INSERT INTO subject VALUES ('CSC 0223', 'Human Computer Interaction', '03:00:00', '00:00:00', 3, 'BSCS');
INSERT INTO subject VALUES ('CSC 0212', 'Object Oriented Programming', '02:00:00', '00:00:00', 2, 'BSCS');
INSERT INTO subject VALUES ('CSC 0212.1', 'Object Oriented Programming (Lab)', '00:00:00', '03:00:00', 1, 'BSCS');
INSERT INTO subject VALUES ('CSC 0213', 'Logic Design and Digital Computer Circuits', '02:00:00', '00:00:00', 2, 'BSCS');
INSERT INTO subject VALUES ('CSC 0213.1', 'Logic Design and Digital Computer Circuits (Lab)', '00:00:00', '03:00:00', 1, 'BSCS');
INSERT INTO subject VALUES ('CSC 0224', 'Operation Research', '03:00:00', '00:00:00', 3, 'BSCS');
INSERT INTO subject VALUES ('ITE 0001', 'Living in the IT Era', '03:00:00', '00:00:00', 3, 'BSCS');
INSERT INTO subject VALUES ('CSC 0221', 'Algorithm and Complexity', '03:00:00', '00:00:00', 3, 'BSCS');
INSERT INTO subject VALUES ('CSC 0222', 'Architecture and Organization', '02:00:00', '00:00:00', 2, 'BSCS');
INSERT INTO subject VALUES ('CSC 0222.1', 'Architecture and Organization (Lab)', '00:00:00', '03:00:00', 1, 'BSCS');
INSERT INTO subject VALUES ('ICC 0106', 'Applications Development and Emerging Technologies', '02:00:00', '00:00:00', 2, 'BSCS');
INSERT INTO subject VALUES ('ICC 0106.1', 'Applications Development and Emerging Technologies (Lab)', '00:00:00', '03:00:00', 1, 'BSCS');
INSERT INTO subject VALUES ('CSC 0316', 'Information Assurance Security', '03:00:00', '00:00:00', 3, 'BSCS');
INSERT INTO subject VALUES ('CBM 0016', 'The Entrepreneurial Mind', '03:00:00', '00:00:00', 3, 'BSCS');
INSERT INTO subject VALUES ('CSC 0311', 'Automata Theory and Formal Languages', '03:00:00', '00:00:00', 3, 'BSCS');
INSERT INTO subject VALUES ('CSC 0312', 'Programming Languages', '02:00:00', '00:00:00', 2, 'BSCS');
INSERT INTO subject VALUES ('CSC 0312.1', 'Programming Languages (Lab)', '00:00:00', '03:00:00', 1, 'BSCS');
INSERT INTO subject VALUES ('CSC 0313', 'Software Engineering', '02:00:00', '00:00:00', 2, 'BSCS');
INSERT INTO subject VALUES ('CSC 0313.1', 'Software Engineering (Lab)', '00:00:00', '03:00:00', 1, 'BSCS');
INSERT INTO subject VALUES ('CSC 0314', 'Operating System', '02:00:00', '00:00:00', 2, 'BSCS');
INSERT INTO subject VALUES ('CSC 0314.1', 'Operating System (Lab)', '00:00:00', '03:00:00', 1, 'BSCS');
INSERT INTO subject VALUES ('CSC 0315', 'Intelligent System', '02:00:00', '00:00:00', 2, 'BSCS');
INSERT INTO subject VALUES ('CSC 0315.1', 'Intelligent System (Lab)', '00:00:00', '03:00:00', 1, 'BSCS');
INSERT INTO subject VALUES ('CSC 0321', 'Software Engineering 2', '02:00:00', '00:00:00', 2, 'BSCS');
INSERT INTO subject VALUES ('CSC 0321.1', 'Software Engineering 2 (Lab)', '00:00:00', '03:00:00', 1, 'BSCS');
INSERT INTO subject VALUES ('CSC 0322', 'Compiler Design', '02:00:00', '00:00:00', 2, 'BSCS');
INSERT INTO subject VALUES ('CSC 0322.1', 'Compiler Design (Lab)', '00:00:00', '03:00:00', 1, 'BSCS');
INSERT INTO subject VALUES ('CSC 0323', 'Computational Science', '02:00:00', '00:00:00', 2, 'BSCS');
INSERT INTO subject VALUES ('CSC 0323.1', 'Computational Science (Lab)', '00:00:00', '03:00:00', 1, 'BSCS');
INSERT INTO subject VALUES ('CSC 0324', 'CS Elective 1', '02:00:00', '00:00:00', 2, 'BSCS');
INSERT INTO subject VALUES ('CSC 0324.1', 'CS Elective 1 (Lab)', '00:00:00', '03:00:00', 1, 'BSCS');
INSERT INTO subject VALUES ('CSC 0325', 'Research Writing', '03:00:00', '00:00:00', 3, 'BSCS');
INSERT INTO subject VALUES ('CSC 195.1', 'Practicum (240 hrs)', '02:00:00', '00:00:00', 2, 'BSCS');
INSERT INTO subject VALUES ('CSC 0411', 'CS Thesis Writing 1', '03:00:00', '00:00:00', 3, 'BSCS');
INSERT INTO subject VALUES ('CSC 0412', 'Networks and Communication', '02:00:00', '00:00:00', 2, 'BSCS');
INSERT INTO subject VALUES ('CSC 0412.1', 'Networks and Communication (Lab)', '00:00:00', '03:00:00', 1, 'BSCS');
INSERT INTO subject VALUES ('CSC 0413', 'CS Elective 2', '02:00:00', '00:00:00', 2, 'BSCS');
INSERT INTO subject VALUES ('CSC 0413.1', 'CS Elective 2 (Lab)', '00:00:00', '03:00:00', 1, 'BSCS');
INSERT INTO subject VALUES ('CSC 0414', 'CS Elective 3', '02:00:00', '00:00:00', 2, 'BSCS');
INSERT INTO subject VALUES ('CSC 0414.1', 'CS Elective 3 (Lab)', '00:00:00', '03:00:00', 1, 'BSCS');
INSERT INTO subject VALUES ('CSC 0421A', 'CS Thesis Writing 2', '03:00:00', '00:00:00', 3, 'BSCS');
INSERT INTO subject VALUES ('CSC 0422', 'Parallel and Distributing Computing', '02:00:00', '00:00:00', 2, 'BSCS');
INSERT INTO subject VALUES ('CSC 0422.1', 'Parallel and Distributing Computing (Lab)', '00:00:00', '03:00:00', 1, 'BSCS');
INSERT INTO subject VALUES ('CSC 0423', 'Social Issues and Professional Practice', '03:00:00', '00:00:00', 3, 'BSCS');
INSERT INTO subject VALUES ('CSC 0424', 'Graphics and Visual Computing', '02:00:00', '00:00:00', 2, 'BSCS');
INSERT INTO subject VALUES ('CSC 0424.1', 'Graphics and Visual Computing (Lab)', '00:00:00', '03:00:00', 1, 'BSCS');

-- subject section inserts
INSERT INTO subject_section VALUES (1, 'CSC 0102', 'M', '08:00:00', '11:00:00', NULL, 'FAC001', NULL);
INSERT INTO subject_section VALUES (2, 'CSC 0102', 'Th', '08:00:00', '11:00:00', NULL, 'FAC001', NULL);
INSERT INTO subject_section VALUES (1, 'CSC 0211', 'T', '13:00:00', '16:00:00', NULL, 'FAC002', NULL);
INSERT INTO subject_section VALUES (2, 'CSC 0211', 'F', '13:00:00', '16:00:00', NULL, 'FAC002', NULL);
INSERT INTO subject_section VALUES (1, 'CSC 0223', 'W', '09:00:00', '12:00:00', NULL, 'FAC003', NULL);
INSERT INTO subject_section VALUES (2, 'CSC 0223', 'S', '09:00:00', '12:00:00', NULL, 'FAC003', NULL);
INSERT INTO subject_section VALUES (1, 'CSC 0212', 'M', '10:00:00', '12:00:00', NULL, 'FAC004', NULL);
INSERT INTO subject_section VALUES (2, 'CSC 0212', 'Th', '10:00:00', '12:00:00', NULL, 'FAC004', NULL);
INSERT INTO subject_section VALUES (1, 'CSC 0212.1', 'M', '13:00:00', '16:00:00', NULL, 'FAC004', NULL);
INSERT INTO subject_section VALUES (2, 'CSC 0212.1', 'Th', '13:00:00', '16:00:00', NULL, 'FAC004', NULL);
INSERT INTO subject_section VALUES (1, 'CSC 0213', 'T', '08:00:00', '10:00:00', NULL, 'FAC005', NULL);
INSERT INTO subject_section VALUES (2, 'CSC 0213', 'F', '08:00:00', '10:00:00', NULL, 'FAC005', NULL);
INSERT INTO subject_section VALUES (1, 'CSC 0213.1', 'T', '10:00:00', '13:00:00', NULL, 'FAC005', NULL);
INSERT INTO subject_section VALUES (2, 'CSC 0213.1', 'F', '10:00:00', '13:00:00', NULL, 'FAC005', NULL);
INSERT INTO subject_section VALUES (1, 'CSC 0224', 'W', '13:00:00', '16:00:00', NULL, 'FAC006', NULL);
INSERT INTO subject_section VALUES (2, 'CSC 0224', 'S', '13:00:00', '16:00:00', NULL, 'FAC006', NULL);
INSERT INTO subject_section VALUES (1, 'ITE 0001', 'M', '16:00:00', '19:00:00', NULL, 'FAC007', NULL);
INSERT INTO subject_section VALUES (2, 'ITE 0001', 'Th', '16:00:00', '19:00:00', NULL, 'FAC007', NULL);
INSERT INTO subject_section VALUES (1, 'CSC 0221', 'T', '16:00:00', '19:00:00', NULL, 'FAC008', NULL);
INSERT INTO subject_section VALUES (2, 'CSC 0221', 'F', '16:00:00', '19:00:00', NULL, 'FAC008', NULL);
INSERT INTO subject_section VALUES (1, 'CSC 0222', 'W', '08:00:00', '10:00:00', NULL, 'FAC009', NULL);
INSERT INTO subject_section VALUES (2, 'CSC 0222', 'S', '08:00:00', '10:00:00', NULL, 'FAC009', NULL);
INSERT INTO subject_section VALUES (1, 'CSC 0222.1', 'W', '10:00:00', '13:00:00', NULL, 'FAC009', NULL);
INSERT INTO subject_section VALUES (2, 'CSC 0222.1', 'S', '10:00:00', '13:00:00', NULL, 'FAC009', NULL);
INSERT INTO subject_section VALUES (1, 'ICC 0106', 'M', '08:00:00', '10:00:00', NULL, 'FAC010', NULL);
INSERT INTO subject_section VALUES (2, 'ICC 0106', 'Th', '08:00:00', '10:00:00', NULL, 'FAC010', NULL);
INSERT INTO subject_section VALUES (1, 'ICC 0106.1', 'M', '10:00:00', '13:00:00', NULL, 'FAC010', NULL);
INSERT INTO subject_section VALUES (2, 'ICC 0106.1', 'Th', '10:00:00', '13:00:00', NULL, 'FAC010', NULL);
INSERT INTO subject_section VALUES (1, 'CSC 0316', 'T', '08:00:00', '11:00:00', NULL, 'FAC001', NULL);
INSERT INTO subject_section VALUES (2, 'CSC 0316', 'F', '08:00:00', '11:00:00', NULL, 'FAC001', NULL);
INSERT INTO subject_section VALUES (1, 'CBM 0016', 'W', '14:00:00', '17:00:00', NULL, 'FAC002', NULL);
INSERT INTO subject_section VALUES (2, 'CBM 0016', 'S', '14:00:00', '17:00:00', NULL, 'FAC002', NULL);
INSERT INTO subject_section VALUES (1, 'CSC 0311', 'M', '13:00:00', '16:00:00', NULL, 'FAC003', NULL);
INSERT INTO subject_section VALUES (2, 'CSC 0311', 'Th', '13:00:00', '16:00:00', NULL, 'FAC003', NULL);
INSERT INTO subject_section VALUES (1, 'CSC 0312', 'T', '13:00:00', '15:00:00', NULL, 'FAC004', NULL);
INSERT INTO subject_section VALUES (2, 'CSC 0312', 'F', '13:00:00', '15:00:00', NULL, 'FAC004', NULL);
INSERT INTO subject_section VALUES (1, 'CSC 0312.1', 'T', '15:00:00', '18:00:00', NULL, 'FAC004', NULL);
INSERT INTO subject_section VALUES (2, 'CSC 0312.1', 'F', '15:00:00', '18:00:00', NULL, 'FAC004', NULL);
INSERT INTO subject_section VALUES (1, 'CSC 0313', 'W', '08:00:00', '10:00:00', NULL, 'FAC005', NULL);
INSERT INTO subject_section VALUES (2, 'CSC 0313', 'S', '08:00:00', '10:00:00', NULL, 'FAC005', NULL);
INSERT INTO subject_section VALUES (1, 'CSC 0313.1', 'W', '10:00:00', '13:00:00', NULL, 'FAC005', NULL);
INSERT INTO subject_section VALUES (2, 'CSC 0313.1', 'S', '10:00:00', '13:00:00', NULL, 'FAC005', NULL);
INSERT INTO subject_section VALUES (1, 'CSC 0314', 'M', '08:00:00', '10:00:00', NULL, 'FAC006', NULL);
INSERT INTO subject_section VALUES (2, 'CSC 0314', 'Th', '08:00:00', '10:00:00', NULL, 'FAC006', NULL);
INSERT INTO subject_section VALUES (1, 'CSC 0314.1', 'M', '10:00:00', '13:00:00', NULL, 'FAC006', NULL);
INSERT INTO subject_section VALUES (2, 'CSC 0314.1', 'Th', '10:00:00', '13:00:00', NULL, 'FAC006', NULL);
INSERT INTO subject_section VALUES (1, 'CSC 0315', 'T', '09:00:00', '11:00:00', NULL, 'FAC007', NULL);
INSERT INTO subject_section VALUES (2, 'CSC 0315', 'F', '09:00:00', '11:00:00', NULL, 'FAC007', NULL);
INSERT INTO subject_section VALUES (1, 'CSC 0315.1', 'T', '11:00:00', '14:00:00', NULL, 'FAC007', NULL);
INSERT INTO subject_section VALUES (2, 'CSC 0315.1', 'F', '11:00:00', '14:00:00', NULL, 'FAC007', NULL);
INSERT INTO subject_section VALUES (1, 'CSC 0321', 'W', '13:00:00', '15:00:00', NULL, 'FAC008', NULL);
INSERT INTO subject_section VALUES (2, 'CSC 0321', 'S', '13:00:00', '15:00:00', NULL, 'FAC008', NULL);
INSERT INTO subject_section VALUES (1, 'CSC 0321.1', 'W', '15:00:00', '18:00:00', NULL, 'FAC008', NULL);
INSERT INTO subject_section VALUES (2, 'CSC 0321.1', 'S', '15:00:00', '18:00:00', NULL, 'FAC008', NULL);
INSERT INTO subject_section VALUES (1, 'CSC 0322', 'M', '14:00:00', '16:00:00', NULL, 'FAC009', NULL);
INSERT INTO subject_section VALUES (2, 'CSC 0322', 'Th', '14:00:00', '16:00:00', NULL, 'FAC009', NULL);
INSERT INTO subject_section VALUES (1, 'CSC 0322.1', 'M', '16:00:00', '19:00:00', NULL, 'FAC009', NULL);
INSERT INTO subject_section VALUES (2, 'CSC 0322.1', 'Th', '16:00:00', '19:00:00', NULL, 'FAC009', NULL);
INSERT INTO subject_section VALUES (1, 'CSC 0323', 'T', '08:00:00', '10:00:00', NULL, 'FAC010', NULL);
INSERT INTO subject_section VALUES (2, 'CSC 0323', 'F', '08:00:00', '10:00:00', NULL, 'FAC010', NULL);
INSERT INTO subject_section VALUES (1, 'CSC 0323.1', 'T', '10:00:00', '13:00:00', NULL, 'FAC010', NULL);
INSERT INTO subject_section VALUES (2, 'CSC 0323.1', 'F', '10:00:00', '13:00:00', NULL, 'FAC010', NULL);
INSERT INTO subject_section VALUES (1, 'CSC 0324', 'W', '10:00:00', '12:00:00', NULL, 'FAC001', NULL);
INSERT INTO subject_section VALUES (2, 'CSC 0324', 'S', '10:00:00', '12:00:00', NULL, 'FAC001', NULL);
INSERT INTO subject_section VALUES (1, 'CSC 0324.1', 'W', '12:00:00', '15:00:00', NULL, 'FAC001', NULL);
INSERT INTO subject_section VALUES (2, 'CSC 0324.1', 'S', '12:00:00', '15:00:00', NULL, 'FAC001', NULL);
INSERT INTO subject_section VALUES (1, 'CSC 0325', 'M', '08:00:00', '11:00:00', NULL, 'FAC002', NULL);
INSERT INTO subject_section VALUES (2, 'CSC 0325', 'Th', '08:00:00', '11:00:00', NULL, 'FAC002', NULL);
INSERT INTO subject_section VALUES (1, 'CSC 195.1', 'T', '14:00:00', '16:00:00', NULL, 'FAC003', NULL);
INSERT INTO subject_section VALUES (2, 'CSC 195.1', 'F', '14:00:00', '16:00:00', NULL, 'FAC003', NULL);
INSERT INTO subject_section VALUES (1, 'CSC 0411', 'W', '09:00:00', '12:00:00', NULL, 'FAC004', NULL);
INSERT INTO subject_section VALUES (2, 'CSC 0411', 'S', '09:00:00', '12:00:00', NULL, 'FAC004', NULL);
INSERT INTO subject_section VALUES (1, 'CSC 0412', 'M', '13:00:00', '15:00:00', NULL, 'FAC005', NULL);
INSERT INTO subject_section VALUES (2, 'CSC 0412', 'Th', '13:00:00', '15:00:00', NULL, 'FAC005', NULL);
INSERT INTO subject_section VALUES (1, 'CSC 0412.1', 'M', '15:00:00', '18:00:00', NULL, 'FAC005', NULL);
INSERT INTO subject_section VALUES (2, 'CSC 0412.1', 'Th', '15:00:00', '18:00:00', NULL, 'FAC005', NULL);
INSERT INTO subject_section VALUES (1, 'CSC 0413', 'T', '08:00:00', '10:00:00', NULL, 'FAC006', NULL);
INSERT INTO subject_section VALUES (2, 'CSC 0413', 'F', '08:00:00', '10:00:00', NULL, 'FAC006', NULL);
INSERT INTO subject_section VALUES (1, 'CSC 0413.1', 'T', '10:00:00', '13:00:00', NULL, 'FAC006', NULL);
INSERT INTO subject_section VALUES (2, 'CSC 0413.1', 'F', '10:00:00', '13:00:00', NULL, 'FAC006', NULL);
INSERT INTO subject_section VALUES (1, 'CSC 0414', 'W', '13:00:00', '15:00:00', NULL, 'FAC007', NULL);
INSERT INTO subject_section VALUES (2, 'CSC 0414', 'S', '13:00:00', '15:00:00', NULL, 'FAC007', NULL);
INSERT INTO subject_section VALUES (1, 'CSC 0414.1', 'W', '15:00:00', '18:00:00', NULL, 'FAC007', NULL);
INSERT INTO subject_section VALUES (2, 'CSC 0414.1', 'S', '15:00:00', '18:00:00', NULL, 'FAC007', NULL);
INSERT INTO subject_section VALUES (1, 'CSC 0421A', 'M', '09:00:00', '12:00:00', NULL, 'FAC008', NULL);
INSERT INTO subject_section VALUES (2, 'CSC 0421A', 'Th', '09:00:00', '12:00:00', NULL, 'FAC008', NULL);
INSERT INTO subject_section VALUES (1, 'CSC 0422', 'T', '13:00:00', '15:00:00', NULL, 'FAC009', NULL);
INSERT INTO subject_section VALUES (2, 'CSC 0422', 'F', '13:00:00', '15:00:00', NULL, 'FAC009', NULL);
INSERT INTO subject_section VALUES (1, 'CSC 0422.1', 'T', '15:00:00', '18:00:00', NULL, 'FAC009', NULL);
INSERT INTO subject_section VALUES (2, 'CSC 0422.1', 'F', '15:00:00', '18:00:00', NULL, 'FAC009', NULL);
INSERT INTO subject_section VALUES (1, 'CSC 0423', 'W', '08:00:00', '11:00:00', NULL, 'FAC010', NULL);
INSERT INTO subject_section VALUES (2, 'CSC 0423', 'S', '08:00:00', '11:00:00', NULL, 'FAC010', NULL);
INSERT INTO subject_section VALUES (1, 'CSC 0424', 'M', '13:00:00', '15:00:00', NULL, 'FAC001', NULL);
INSERT INTO subject_section VALUES (2, 'CSC 0424', 'Th', '13:00:00', '15:00:00', NULL, 'FAC001', NULL);
INSERT INTO subject_section VALUES (1, 'CSC 0424.1', 'M', '15:00:00', '18:00:00', NULL, 'FAC001', NULL);
INSERT INTO subject_section VALUES (2, 'CSC 0424.1', 'Th', '15:00:00', '18:00:00', NULL, 'FAC001', NULL);
INSERT INTO subject_section VALUES (1, 'STS 0002', 'W', '17:30:00', '19:00:00', NULL, 'FAC009', NULL);
INSERT INTO subject_section VALUES (2, 'STS 0002', 'S', '17:30:00', '19:00:00', NULL, 'FAC009', NULL);
INSERT INTO subject_section VALUES (1, 'AAP 0007', 'S', '07:00:00', '10:00:00', NULL, 'FAC006', NULL);
INSERT INTO subject_section VALUES (2, 'AAP 0007', 'S', '10:00:00', '13:00:00', NULL, 'FAC006', NULL);
INSERT INTO subject_section VALUES (3, 'AAP 0007', 'F', '16:00:00', '19:00:00', NULL, 'FAC008', NULL);
INSERT INTO subject_section VALUES (1, 'PCM 0006', 'M', '14:30:00', '16:00:00', NULL, 'FAC007', NULL);
INSERT INTO subject_section VALUES (2, 'PCM 0006', 'Th', '10:00:00', '11:30:00', NULL, 'FAC007', NULL);
INSERT INTO subject_section VALUES (3, 'PCM 0006', 'T', '08:00:00', '10:00:00', NULL, 'FAC005', NULL);
INSERT INTO subject_section VALUES (1, 'MMW 0001', 'M', '07:00:00', '08:30:00', NULL, 'FAC001', NULL);
INSERT INTO subject_section VALUES (1, 'MMW 0001', 'Th', '07:00:00', '08:30:00', NULL, 'FAC001', NULL);
INSERT INTO subject_section VALUES (1, 'IPP 0010', 'Th', '10:00:00', '13:00:00', NULL, 'FAC003', NULL);
INSERT INTO subject_section VALUES (2, 'IPP 0010', 'W', '10:00:00', '13:00:00', NULL, 'FAC003', NULL);
INSERT INTO subject_section VALUES (1, 'ICC 0101', 'M', '08:00:00', '10:00:00', NULL, 'FAC004', NULL);
INSERT INTO subject_section VALUES (2, 'ICC 0101', 'Th', '08:00:00', '10:00:00', NULL, 'FAC004', NULL);
INSERT INTO subject_section VALUES (1, 'ICC 0101.1', 'M', '09:00:00', '12:00:00', NULL, 'FAC004', NULL);
INSERT INTO subject_section VALUES (2, 'ICC 0101.1', 'Th', '07:00:00', '10:00:00', NULL, 'FAC004', NULL);
INSERT INTO subject_section VALUES (1, 'ICC 0102', 'F', '13:00:00', '15:00:00', NULL, 'FAC005', NULL);
INSERT INTO subject_section VALUES (2, 'ICC 0102', 'W', '07:00:00', '09:00:00', NULL, 'FAC006', NULL);
INSERT INTO subject_section VALUES (1, 'ICC 0102.1', 'F', '15:00:00', '18:00:00', NULL, 'FAC005', NULL);
INSERT INTO subject_section VALUES (2, 'ICC 0102.1', 'T', '09:00:00', '12:00:00', NULL, 'FAC008', NULL);
INSERT INTO subject_section VALUES (1, 'PATHFIT 1', 'T', '08:30:00', '10:00:00', NULL, 'FAC002', NULL);
INSERT INTO subject_section VALUES (2, 'PATHFIT 1', 'F', '08:30:00', '10:00:00', NULL, 'FAC002', NULL);
INSERT INTO subject_section VALUES (1, 'NSTP 1', 'W', '09:00:00', '12:00:00', NULL, 'FAC003', NULL);
INSERT INTO subject_section VALUES (2, 'NSTP 1', 'S', '07:00:00', '10:00:00', NULL, 'FAC003', NULL);
INSERT INTO subject_section VALUES (1, 'CET 0111', 'M', '07:00:00', '08:30:00', NULL, 'FAC001', NULL);
INSERT INTO subject_section VALUES (2, 'CET 0111', 'Th', '07:00:00', '08:30:00', NULL, 'FAC001', NULL);
INSERT INTO subject_section VALUES (1, 'CET 0114', 'M', '07:00:00', '09:00:00', NULL, 'FAC003', NULL);
INSERT INTO subject_section VALUES (2, 'CET 0114', 'M', '09:00:00', '11:00:00', NULL, 'FAC003', NULL);
INSERT INTO subject_section VALUES (3, 'CET 0114', 'W', '07:00:00', '09:00:00', NULL, 'FAC003', NULL);
INSERT INTO subject_section VALUES (1, 'CET 0114.1', 'Th', '07:00:00', '10:00:00', NULL, 'FAC003', NULL);
INSERT INTO subject_section VALUES (2, 'CET 0114.1', 'Th', '08:30:00', '11:00:00', NULL, 'FAC003', NULL);
INSERT INTO subject_section VALUES (3, 'CET 0114.1', 'S', '07:00:00', '10:00:00', NULL, 'FAC003', NULL);
INSERT INTO subject_section VALUES (1, 'EIT 0121', 'W', '09:00:00', '11:00:00', NULL, 'FAC003', NULL);
INSERT INTO subject_section VALUES (2, 'EIT 0121', 'M', '08:00:00', '10:00:00', NULL, 'FAC004', NULL);
INSERT INTO subject_section VALUES (3, 'EIT 0121', 'Th', '08:00:00', '10:00:00', NULL, 'FAC004', NULL);
INSERT INTO subject_section VALUES (1, 'EIT 0121.1', 'S', '09:00:00', '12:00:00', NULL, 'FAC003', NULL);
INSERT INTO subject_section VALUES (2, 'EIT 0121.1', 'M', '09:00:00', '12:00:00', NULL, 'FAC004', NULL);
INSERT INTO subject_section VALUES (3, 'EIT 0121.1', 'Th', '07:00:00', '10:00:00', NULL, 'FAC004', NULL);
INSERT INTO subject_section VALUES (1, 'EIT 0122', 'M', '11:30:00', '13:00:00', NULL, 'FAC001', NULL);
INSERT INTO subject_section VALUES (2, 'EIT 0122', 'Th', '11:30:00', '13:00:00', NULL, 'FAC001', NULL);
INSERT INTO subject_section VALUES (1, 'EIT 0123', 'T', '08:00:00', '10:00:00', NULL, 'FAC005', NULL);
INSERT INTO subject_section VALUES (2, 'EIT 0123', 'F', '13:00:00', '15:00:00', NULL, 'FAC005', NULL);
INSERT INTO subject_section VALUES (3, 'EIT 0123', 'W', '07:00:00', '09:00:00', NULL, 'FAC006', NULL);
INSERT INTO subject_section VALUES (1, 'EIT 0123.1', 'T', '08:00:00', '11:00:00', NULL, 'FAC005', NULL);
INSERT INTO subject_section VALUES (2, 'EIT 0123.1', 'F', '15:00:00', '18:00:00', NULL, 'FAC005', NULL);
INSERT INTO subject_section VALUES (3, 'EIT 0123.1', 'S', '07:00:00', '10:00:00', NULL, 'FAC006', NULL);
INSERT INTO subject_section VALUES (1, 'ICC 0103', 'W', '08:30:00', '10:00:00', NULL, 'FAC006', NULL);
INSERT INTO subject_section VALUES (2, 'ICC 0103', 'M', '14:30:00', '16:00:00', NULL, 'FAC007', NULL);
INSERT INTO subject_section VALUES (3, 'ICC 0103', 'Th', '10:00:00', '11:30:00', NULL, 'FAC007', NULL);
INSERT INTO subject_section VALUES (1, 'ICC 0103.1', 'S', '09:00:00', '12:00:00', NULL, 'FAC006', NULL);
INSERT INTO subject_section VALUES (2, 'ICC 0103.1', 'M', '13:00:00', '16:00:00', NULL, 'FAC007', NULL);
INSERT INTO subject_section VALUES (3, 'ICC 0103.1', 'Th', '14:30:00', '17:00:00', NULL, 'FAC007', NULL);
INSERT INTO subject_section VALUES (1, 'GTB 121', 'T', '16:00:00', '18:00:00', NULL, 'FAC008', NULL);
INSERT INTO subject_section VALUES (2, 'GTB 121', 'F', '19:00:00', '21:00:00', NULL, 'FAC008', NULL);
INSERT INTO subject_section VALUES (3, 'GTB 121', 'T', '08:30:00', '10:00:00', NULL, 'FAC002', NULL);
INSERT INTO subject_section VALUES (1, 'PATHFIT 2', 'T', '08:30:00', '10:00:00', NULL, 'FAC002', NULL);
INSERT INTO subject_section VALUES (2, 'PATHFIT 2', 'T', '14:30:00', '16:00:00', NULL, 'FAC002', NULL);
INSERT INTO subject_section VALUES (3, 'PATHFIT 2', 'T', '08:30:00', '10:00:00', NULL, 'FAC001', NULL);
INSERT INTO subject_section VALUES (1, 'NSTP 2', 'W', '08:30:00', '10:00:00', NULL, 'FAC002', NULL);
INSERT INTO subject_section VALUES (2, 'NSTP 2', 'F', '08:30:00', '10:00:00', NULL, 'FAC002', NULL);
INSERT INTO subject_section VALUES (3, 'NSTP 2', 'W', '16:00:00', '17:30:00', NULL, 'FAC002', NULL);
INSERT INTO subject_section VALUES (1, 'CET 0121', 'Th', '10:00:00', '13:00:00', NULL, 'FAC003', NULL);
INSERT INTO subject_section VALUES (2, 'CET 0121', 'Th', '08:30:00', '10:00:00', NULL, 'FAC003', NULL);
INSERT INTO subject_section VALUES (3, 'CET 0121', 'S', '07:00:00', '10:00:00', NULL, 'FAC003', NULL);
INSERT INTO subject_section VALUES (1, 'CET 0225', 'M', '08:00:00', '10:00:00', NULL, 'FAC004', NULL);
INSERT INTO subject_section VALUES (2, 'CET 0225', 'Th', '08:00:00', '10:00:00', NULL, 'FAC004', NULL);
INSERT INTO subject_section VALUES (3, 'CET 0225', 'T', '08:00:00', '10:00:00', NULL, 'FAC005', NULL);
INSERT INTO subject_section VALUES (1, 'CET 0225.1', 'M', '09:00:00', '12:00:00', NULL, 'FAC004', NULL);
INSERT INTO subject_section VALUES (2, 'CET 0225.1', 'Th', '07:00:00', '10:00:00', NULL, 'FAC004', NULL);
INSERT INTO subject_section VALUES (3, 'CET 0225.1', 'T', '08:00:00', '11:00:00', NULL, 'FAC005', NULL);
INSERT INTO subject_section VALUES (1, 'TCW 0005', 'M', '07:00:00', '08:30:00', NULL, 'FAC001', NULL);
INSERT INTO subject_section VALUES (2, 'TCW 0005', 'Th', '07:00:00', '08:30:00', NULL, 'FAC001', NULL);
INSERT INTO subject_section VALUES (1, 'ICC 0104', 'F', '13:00:00', '15:00:00', NULL, 'FAC005', NULL);
INSERT INTO subject_section VALUES (2, 'ICC 0104', 'W', '07:00:00', '09:00:00', NULL, 'FAC006', NULL);
INSERT INTO subject_section VALUES (3, 'ICC 0104', 'W', '09:00:00', '11:00:00', NULL, 'FAC006', NULL);
INSERT INTO subject_section VALUES (1, 'ICC 0104.1', 'F', '15:00:00', '18:00:00', NULL, 'FAC005', NULL);
INSERT INTO subject_section VALUES (2, 'ICC 0104.1', 'W', '07:00:00', '09:00:00', NULL, 'FAC006', NULL);
INSERT INTO subject_section VALUES (3, 'ICC 0104.1', 'W', '09:00:00', '11:00:00', NULL, 'FAC006', NULL);
INSERT INTO subject_section VALUES (1, 'EIT 0211', 'M', '14:30:00', '16:00:00', NULL, 'FAC007', NULL);
INSERT INTO subject_section VALUES (2, 'EIT 0211', 'Th', '10:00:00', '11:30:00', NULL, 'FAC007', NULL);
INSERT INTO subject_section VALUES (3, 'EIT 0211', 'T', '16:00:00', '18:00:00', NULL, 'FAC008', NULL);
INSERT INTO subject_section VALUES (1, 'EIT 0211.1', 'M', '13:00:00', '16:00:00', NULL, 'FAC007', NULL);
INSERT INTO subject_section VALUES (2, 'EIT 0211.1', 'Th', '14:30:00', '17:00:00', NULL, 'FAC007', NULL);
INSERT INTO subject_section VALUES (3, 'EIT 0211.1', 'T', '09:00:00', '12:00:00', NULL, 'FAC008', NULL);
INSERT INTO subject_section VALUES (1, 'PPC 121', 'T', '08:30:00', '10:00:00', NULL, 'FAC002', NULL);
INSERT INTO subject_section VALUES (2, 'PPC 121', 'T', '08:30:00', '10:00:00', NULL, 'FAC002', NULL);
INSERT INTO subject_section VALUES (3, 'PPC 121', 'T', '08:30:00', '10:00:00', NULL, 'FAC002', NULL);
INSERT INTO subject_section VALUES (1, 'EIT Elective 1', 'F', '16:00:00', '19:00:00', NULL, 'FAC008', NULL);
INSERT INTO subject_section VALUES (2, 'EIT Elective 1', 'M', '07:00:00', '10:00:00', NULL, 'FAC010', NULL);
INSERT INTO subject_section VALUES (3, 'EIT Elective 1', 'T', '10:00:00', '11:30:00', NULL, 'FAC010', NULL);
INSERT INTO subject_section VALUES (1, 'PATHFIT 3', 'W', '08:30:00', '10:00:00', NULL, 'FAC002', NULL);
INSERT INTO subject_section VALUES (2, 'PATHFIT 3', 'W', '08:30:00', '10:00:00', NULL, 'FAC002', NULL);
INSERT INTO subject_section VALUES (3, 'PATHFIT 3', 'W', '16:00:00', '17:30:00', NULL, 'FAC002', NULL);
INSERT INTO subject_section VALUES (1, 'UTS 0003', 'M', '07:00:00', '09:00:00', NULL, 'FAC003', NULL);
INSERT INTO subject_section VALUES (2, 'UTS 0003', 'M', '08:00:00', '10:00:00', NULL, 'FAC003', NULL);
INSERT INTO subject_section VALUES (3, 'UTS 0003', 'W', '07:00:00', '09:00:00', NULL, 'FAC003', NULL);
INSERT INTO subject_section VALUES (1, 'RPH 0004', 'M', '07:00:00', '08:30:00', NULL, 'FAC001', NULL);
INSERT INTO subject_section VALUES (2, 'RPH 0004', 'Th', '07:00:00', '08:30:00', NULL, 'FAC001', NULL);
INSERT INTO subject_section VALUES (3, 'RPH 0004', 'M', '07:00:00', '08:30:00', NULL, 'FAC001', NULL);
INSERT INTO subject_section VALUES (1, 'EIT 0212', 'W', '09:00:00', '11:00:00', NULL, 'FAC003', NULL);
INSERT INTO subject_section VALUES (2, 'EIT 0212', 'M', '08:00:00', '10:00:00', NULL, 'FAC004', NULL);
INSERT INTO subject_section VALUES (3, 'EIT 0212', 'Th', '08:00:00', '10:00:00', NULL, 'FAC004', NULL);
INSERT INTO subject_section VALUES (1, 'ICC 0105', 'T', '08:00:00', '10:00:00', NULL, 'FAC005', NULL);
INSERT INTO subject_section VALUES (2, 'ICC 0105', 'F', '13:00:00', '15:00:00', NULL, 'FAC005', NULL);
INSERT INTO subject_section VALUES (3, 'ICC 0105', 'W', '07:00:00', '09:00:00', NULL, 'FAC006', NULL);
INSERT INTO subject_section VALUES (1, 'ICC 0105.1', 'T', '08:00:00', '11:00:00', NULL, 'FAC005', NULL);
INSERT INTO subject_section VALUES (2, 'ICC 0105.1', 'F', '15:00:00', '18:00:00', NULL, 'FAC005', NULL);
INSERT INTO subject_section VALUES (3, 'ICC 0105.1', 'S', '07:00:00', '10:00:00', NULL, 'FAC006', NULL);
INSERT INTO subject_section VALUES (1, 'EIT 0221', 'T', '08:30:00', '10:00:00', NULL, 'FAC001', NULL);
INSERT INTO subject_section VALUES (2, 'EIT 0221', 'F', '08:30:00', '10:00:00', NULL, 'FAC001', NULL);
INSERT INTO subject_section VALUES (3, 'EIT 0221', 'T', '08:30:00', '10:00:00', NULL, 'FAC001', NULL);
INSERT INTO subject_section VALUES (1, 'EIT 0222', 'W', '08:30:00', '10:00:00', NULL, 'FAC006', NULL);
INSERT INTO subject_section VALUES (2, 'EIT 0222', 'M', '14:30:00', '16:00:00', NULL, 'FAC007', NULL);
INSERT INTO subject_section VALUES (3, 'EIT 0222', 'Th', '10:00:00', '11:30:00', NULL, 'FAC007', NULL);
INSERT INTO subject_section VALUES (1, 'EIT 0222.1', 'S', '09:00:00', '12:00:00', NULL, 'FAC006', NULL);
INSERT INTO subject_section VALUES (2, 'EIT 0222.1', 'M', '13:00:00', '16:00:00', NULL, 'FAC007', NULL);
INSERT INTO subject_section VALUES (3, 'EIT 0222.1', 'Th', '14:30:00', '17:00:00', NULL, 'FAC007', NULL);
INSERT INTO subject_section VALUES (1, 'GES 0013', 'T', '08:30:00', '10:00:00', NULL, 'FAC002', NULL);
INSERT INTO subject_section VALUES (2, 'GES 0013', 'T', '08:30:00', '10:00:00', NULL, 'FAC002', NULL);
INSERT INTO subject_section VALUES (3, 'GES 0013', 'T', '08:30:00', '10:00:00', NULL, 'FAC002', NULL);
INSERT INTO subject_section VALUES (1, 'EIT Elective 2', 'W', '08:30:00', '10:00:00', NULL, 'FAC002', NULL);
INSERT INTO subject_section VALUES (2, 'EIT Elective 2', 'W', '08:30:00', '10:00:00', NULL, 'FAC002', NULL);
INSERT INTO subject_section VALUES (3, 'EIT Elective 2', 'W', '16:00:00', '17:30:00', NULL, 'FAC002', NULL);
INSERT INTO subject_section VALUES (1, 'PATHFIT 4', 'M', '07:00:00', '08:30:00', NULL, 'FAC010', NULL);
INSERT INTO subject_section VALUES (2, 'PATHFIT 4', 'W', '16:00:00', '17:30:00', NULL, 'FAC010', NULL);
INSERT INTO subject_section VALUES (3, 'PATHFIT 4', 'W', '13:00:00', '14:30:00', NULL, 'FAC010', NULL);
INSERT INTO subject_section VALUES (1, 'ICC 0335', 'M', '07:00:00', '09:00:00', NULL, 'FAC003', NULL);
INSERT INTO subject_section VALUES (2, 'ICC 0335', 'M', '08:00:00', '10:00:00', NULL, 'FAC003', NULL);
INSERT INTO subject_section VALUES (3, 'ICC 0335', 'W', '07:00:00', '09:00:00', NULL, 'FAC003', NULL);
INSERT INTO subject_section VALUES (1, 'ICC 0335.1', 'Th', '07:00:00', '10:00:00', NULL, 'FAC003', NULL);
INSERT INTO subject_section VALUES (2, 'ICC 0335.1', 'Th', '08:30:00', '11:00:00', NULL, 'FAC003', NULL);
INSERT INTO subject_section VALUES (3, 'ICC 0335.1', 'S', '07:00:00', '10:00:00', NULL, 'FAC003', NULL);
INSERT INTO subject_section VALUES (1, 'EIT 0311', 'W', '09:00:00', '11:00:00', NULL, 'FAC003', NULL);
INSERT INTO subject_section VALUES (2, 'EIT 0311', 'M', '08:00:00', '10:00:00', NULL, 'FAC004', NULL);
INSERT INTO subject_section VALUES (3, 'EIT 0311', 'Th', '08:00:00', '10:00:00', NULL, 'FAC004', NULL);
INSERT INTO subject_section VALUES (1, 'EIT 0311.1', 'S', '09:00:00', '12:00:00', NULL, 'FAC003', NULL);
INSERT INTO subject_section VALUES (2, 'EIT 0311.1', 'M', '09:00:00', '12:00:00', NULL, 'FAC004', NULL);
INSERT INTO subject_section VALUES (3, 'EIT 0311.1', 'Th', '07:00:00', '10:00:00', NULL, 'FAC004', NULL);
INSERT INTO subject_section VALUES (1, 'EIT 0312', 'T', '08:00:00', '10:00:00', NULL, 'FAC005', NULL);
INSERT INTO subject_section VALUES (2, 'EIT 0312', 'F', '13:00:00', '15:00:00', NULL, 'FAC005', NULL);
INSERT INTO subject_section VALUES (3, 'EIT 0312', 'W', '07:00:00', '09:00:00', NULL, 'FAC006', NULL);
INSERT INTO subject_section VALUES (1, 'EIT 0312.1', 'T', '08:00:00', '11:00:00', NULL, 'FAC005', NULL);
INSERT INTO subject_section VALUES (2, 'EIT 0312.1', 'F', '15:00:00', '18:00:00', NULL, 'FAC005', NULL);
INSERT INTO subject_section VALUES (3, 'EIT 0312.1', 'S', '07:00:00', '10:00:00', NULL, 'FAC006', NULL);
INSERT INTO subject_section VALUES (1, 'EIT Elective 3', 'S', '09:00:00', '12:00:00', NULL, 'FAC006', NULL);
INSERT INTO subject_section VALUES (2, 'EIT Elective 3', 'M', '13:00:00', '16:00:00', NULL, 'FAC007', NULL);
INSERT INTO subject_section VALUES (3, 'EIT Elective 3', 'Th', '14:30:00', '17:00:00', NULL, 'FAC007', NULL);
INSERT INTO subject_section VALUES (1, 'LWR 0009', 'M', '07:00:00', '10:00:00', NULL, 'FAC010', NULL);
INSERT INTO subject_section VALUES (2, 'LWR 0009', 'T', '10:00:00', '11:30:00', NULL, 'FAC010', NULL);
INSERT INTO subject_section VALUES (3, 'LWR 0009', 'W', '13:00:00', '14:30:00', NULL, 'FAC010', NULL);
INSERT INTO subject_section VALUES (1, 'EIT 0321', 'M', '08:00:00', '10:00:00', NULL, 'FAC003', NULL);
INSERT INTO subject_section VALUES (2, 'EIT 0321', 'W', '07:00:00', '09:00:00', NULL, 'FAC003', NULL);
INSERT INTO subject_section VALUES (1, 'EIT 0321.1', 'Th', '07:00:00', '10:00:00', NULL, 'FAC003', NULL);
INSERT INTO subject_section VALUES (2, 'EIT 0321.1', 'Th', '08:30:00', '11:00:00', NULL, 'FAC003', NULL);
INSERT INTO subject_section VALUES (3, 'EIT 0321.1', 'S', '07:00:00', '10:00:00', NULL, 'FAC003', NULL);
INSERT INTO subject_section VALUES (1, 'EIT 0322', 'W', '09:00:00', '11:00:00', NULL, 'FAC003', NULL);
INSERT INTO subject_section VALUES (2, 'EIT 0322', 'M', '08:00:00', '10:00:00', NULL, 'FAC004', NULL);
INSERT INTO subject_section VALUES (3, 'EIT 0322', 'Th', '08:00:00', '10:00:00', NULL, 'FAC004', NULL);
INSERT INTO subject_section VALUES (1, 'EIT 0322.1', 'S', '09:00:00', '12:00:00', NULL, 'FAC003', NULL);
INSERT INTO subject_section VALUES (2, 'EIT 0322.1', 'M', '09:00:00', '12:00:00', NULL, 'FAC004', NULL);
INSERT INTO subject_section VALUES (3, 'EIT 0322.1', 'Th', '07:00:00', '10:00:00', NULL, 'FAC004', NULL);
INSERT INTO subject_section VALUES (1, 'EIT 0323', 'T', '08:00:00', '10:00:00', NULL, 'FAC005', NULL);
INSERT INTO subject_section VALUES (2, 'EIT 0323', 'F', '13:00:00', '15:00:00', NULL, 'FAC005', NULL);
INSERT INTO subject_section VALUES (3, 'EIT 0323', 'W', '07:00:00', '09:00:00', NULL, 'FAC006', NULL);
INSERT INTO subject_section VALUES (1, 'EIT 0323.1', 'T', '08:00:00', '11:00:00', NULL, 'FAC005', NULL);
INSERT INTO subject_section VALUES (2, 'EIT 0323.1', 'F', '15:00:00', '18:00:00', NULL, 'FAC005', NULL);
INSERT INTO subject_section VALUES (3, 'EIT 0323.1', 'S', '07:00:00', '10:00:00', NULL, 'FAC006', NULL);
INSERT INTO subject_section VALUES (1, 'ETH 0008', 'M', '07:00:00', '08:30:00', NULL, 'FAC001', NULL);
INSERT INTO subject_section VALUES (2, 'ETH 0008', 'Th', '07:00:00', '08:30:00', NULL, 'FAC001', NULL);
INSERT INTO subject_section VALUES (3, 'ETH 0008', 'M', '07:00:00', '08:30:00', NULL, 'FAC001', NULL);
INSERT INTO subject_section VALUES (1, 'EIT 0331', 'M', '07:00:00', '09:00:00', NULL, 'FAC003', NULL);
INSERT INTO subject_section VALUES (2, 'EIT 0331', 'M', '08:00:00', '10:00:00', NULL, 'FAC003', NULL);
INSERT INTO subject_section VALUES (3, 'EIT 0331', 'W', '07:00:00', '09:00:00', NULL, 'FAC003', NULL);
INSERT INTO subject_section VALUES (1, 'EIT 0331.1', 'Th', '07:00:00', '10:00:00', NULL, 'FAC003', NULL);
INSERT INTO subject_section VALUES (2, 'EIT 0331.1', 'Th', '08:30:00', '11:00:00', NULL, 'FAC003', NULL);
INSERT INTO subject_section VALUES (3, 'EIT 0331.1', 'S', '07:00:00', '10:00:00', NULL, 'FAC003', NULL);
INSERT INTO subject_section VALUES (1, 'CAP 0101', 'S', '09:00:00', '12:00:00', NULL, 'FAC003', NULL);
INSERT INTO subject_section VALUES (2, 'CAP 0101', 'M', '09:00:00', '12:00:00', NULL, 'FAC004', NULL);
INSERT INTO subject_section VALUES (3, 'CAP 0101', 'Th', '07:00:00', '10:00:00', NULL, 'FAC004', NULL);
INSERT INTO subject_section VALUES (1, 'EIT Elective 4', 'Th', '07:00:00', '10:00:00', NULL, 'FAC003', NULL);
INSERT INTO subject_section VALUES (2, 'EIT Elective 4', 'Th', '08:30:00', '11:00:00', NULL, 'FAC003', NULL);
INSERT INTO subject_section VALUES (3, 'EIT Elective 4', 'S', '07:00:00', '10:00:00', NULL, 'FAC003', NULL);
INSERT INTO subject_section VALUES (1, 'EIT Elective 5', 'S', '09:00:00', '12:00:00', NULL, 'FAC003', NULL);
INSERT INTO subject_section VALUES (2, 'EIT Elective 5', 'M', '09:00:00', '12:00:00', NULL, 'FAC004', NULL);
INSERT INTO subject_section VALUES (3, 'EIT Elective 5', 'Th', '07:00:00', '10:00:00', NULL, 'FAC004', NULL);
INSERT INTO subject_section VALUES (1, 'EIT Elective 6', 'T', '08:00:00', '11:00:00', NULL, 'FAC005', NULL);
INSERT INTO subject_section VALUES (2, 'EIT Elective 6', 'F', '15:00:00', '18:00:00', NULL, 'FAC005', NULL);
INSERT INTO subject_section VALUES (3, 'EIT Elective 6', 'S', '07:00:00', '10:00:00', NULL, 'FAC006', NULL);
INSERT INTO subject_section VALUES (1, 'CAP 0102', 'S', '09:00:00', '12:00:00', NULL, 'FAC006', NULL);
INSERT INTO subject_section VALUES (2, 'CAP 0102', 'M', '13:00:00', '16:00:00', NULL, 'FAC007', NULL);
INSERT INTO subject_section VALUES (3, 'CAP 0102', 'Th', '14:30:00', '17:00:00', NULL, 'FAC007', NULL);
INSERT INTO subject_section VALUES (1, 'IIP 0101', 'T', '16:00:00', '18:00:00', NULL, 'FAC008', NULL);
INSERT INTO subject_section VALUES (2, 'IIP 0101', 'F', '19:00:00', '21:00:00', NULL, 'FAC008', NULL);
INSERT INTO subject_section VALUES (3, 'IIP 0101', 'M', '14:30:00', '16:00:00', NULL, 'FAC007', NULL);
INSERT INTO subject_section VALUES (1, 'IIP 0102', 'T', '09:00:00', '12:00:00', NULL, 'FAC008', NULL);
INSERT INTO subject_section VALUES (2, 'IIP 0102', 'F', '16:00:00', '19:00:00', NULL, 'FAC008', NULL);
INSERT INTO subject_section VALUES (3, 'IIP 0102', 'M', '13:00:00', '16:00:00', NULL, 'FAC007', NULL);

-- view table for filter
CREATE OR REPLACE VIEW vwsubject_filtering AS
SELECT 
    s.subject_id,
    s.subject_title,
    s.units,
    s.lec_hours,
    s.lab_hours,
    s.course_id,
    CASE 
        WHEN s.course_id IS NULL THEN 'Shared'
        ELSE s.course_id 
    END AS exclusivity
FROM subject s;

COMMIT;


-- LOG TABLE
CREATE TABLE log_table (
    log_message    VARCHAR2(500)
    , log_date     DATE          DEFAULT SYSDATE
    , log_user     VARCHAR2(50)  DEFAULT USER
    , log_timestamp TIMESTAMP    DEFAULT SYSTIMESTAMP
    , CONSTRAINT log_table_pk PRIMARY KEY(log_message,log_date,log_user,log_timestamp)
);

-- TRIGGERS
CREATE OR REPLACE TRIGGER trLoggingStudent
AFTER INSERT OR
      UPDATE OR
      DELETE ON STUDENT
FOR EACH ROW
BEGIN
    CASE
      WHEN inserting THEN
         DBMS_OUTPUT.PUT_LINE('You inserted a new record to STUDENT table'||:NEW.student_id);
         INSERT INTO log_table VALUES ('Inserting a record to STUDENT table'||:NEW.student_id
                        ,sysdate
                        ,user
                        ,SYSTIMESTAMP);
      WHEN deleting THEN
         DBMS_OUTPUT.PUT_LINE('You deleted record from STUDENT table with student id :  '||:OLD.student_id);
         INSERT INTO log_table VALUES ('Deleted a record from STUDENT table with student id : '||:OLD.student_id
                         ,sysdate
                         ,user
                         ,SYSTIMESTAMP);
      WHEN updating THEN
         DBMS_OUTPUT.PUT_LINE('You updated a record '||:OLD.student_id);
         INSERT INTO log_table VALUES ('Updated a record in STUDENT table with student id : '||:OLD.student_id
                         ,sysdate
                         ,user
                         ,SYSTIMESTAMP);
     END CASE;
END;

CREATE OR REPLACE TRIGGER trLoggingFaculty
AFTER INSERT OR
      UPDATE OR
      DELETE ON FACULTY
FOR EACH ROW
BEGIN
    CASE
      WHEN inserting THEN
         DBMS_OUTPUT.PUT_LINE('You inserted a new record to FACULTY table'||:NEW.faculty_id);
         INSERT INTO log_table VALUES ('Inserting a record to FACULTY table'||:NEW.faculty_id
                        ,sysdate
                        ,user
                        ,SYSTIMESTAMP);
      WHEN deleting THEN
         DBMS_OUTPUT.PUT_LINE('You deleted record from FACULTY table with faculty id :  '||:OLD.faculty_id);
         INSERT INTO log_table VALUES ('Deleted a record from FACULTY table with faculty id : '||:OLD.faculty_id
                         ,sysdate
                         ,user
                         ,SYSTIMESTAMP);
      WHEN updating THEN
         DBMS_OUTPUT.PUT_LINE('You updated a record '||:OLD.faculty_id);
         INSERT INTO log_table VALUES ('Updated a record in FACULTY table with faculty id : '||:OLD.faculty_id
                         ,sysdate
                         ,user
                         ,SYSTIMESTAMP);
     END CASE;
END;

CREATE OR REPLACE TRIGGER trLoggingSubject
AFTER INSERT OR
      UPDATE OR
      DELETE ON SUBJECT
FOR EACH ROW
BEGIN
    CASE
      WHEN inserting THEN
         DBMS_OUTPUT.PUT_LINE('You inserted a new record to SUBJECT table'||:NEW.subject_id);
         INSERT INTO log_table VALUES ('Inserting a record to SUBJECT table'||:NEW.subject_id
                        ,sysdate
                        ,user
                        ,SYSTIMESTAMP);
      WHEN deleting THEN
         DBMS_OUTPUT.PUT_LINE('You deleted record from SUBJECT table with subject id :  '||:OLD.subject_id);
         INSERT INTO log_table VALUES ('Deleted a record from SUBJECT table with subject id : '||:OLD.subject_id
                         ,sysdate
                         ,user
                         ,SYSTIMESTAMP);
      WHEN updating THEN
         DBMS_OUTPUT.PUT_LINE('You updated a record '||:OLD.subject_id);
         INSERT INTO log_table VALUES ('Updated a record in SUBJECT table with subject id : '||:OLD.subject_id
                         ,sysdate
                         ,user
                         ,SYSTIMESTAMP);
     END CASE;
END;

CREATE OR REPLACE TRIGGER trLoggingCourse
AFTER INSERT OR
      UPDATE OR
      DELETE ON COURSE
FOR EACH ROW
BEGIN
    CASE
      WHEN inserting THEN
         DBMS_OUTPUT.PUT_LINE('You inserted a new record to COURSE table'||:NEW.course_id);
         INSERT INTO log_table VALUES ('Inserting a record to COURSE table'||:NEW.course_id
                        ,sysdate
                        ,user
                        ,SYSTIMESTAMP);
      WHEN deleting THEN
         DBMS_OUTPUT.PUT_LINE('You deleted record from COURSE table with course id :  '||:OLD.course_id);
         INSERT INTO log_table VALUES ('Deleted a record from COURSE table with course id : '||:OLD.course_id
                         ,sysdate
                         ,user
                         ,SYSTIMESTAMP);
      WHEN updating THEN
         DBMS_OUTPUT.PUT_LINE('You updated a record '||:OLD.course_id);
         INSERT INTO log_table VALUES ('Updated a record in COURSE table with course id : '||:OLD.course_id
                         ,sysdate
                         ,user
                         ,SYSTIMESTAMP);
     END CASE;
END;

CREATE OR REPLACE TRIGGER trLoggingCollege
AFTER INSERT OR
      UPDATE OR
      DELETE ON COLLEGE
FOR EACH ROW
BEGIN
    CASE
      WHEN inserting THEN
         DBMS_OUTPUT.PUT_LINE('You inserted a new record to COLLEGE table'||:NEW.college_id);
         INSERT INTO log_table VALUES ('Inserting a record to COLLEGE table'||:NEW.college_id
                        ,sysdate
                        ,user
                        ,SYSTIMESTAMP);
      WHEN deleting THEN
         DBMS_OUTPUT.PUT_LINE('You deleted record from COLLEGE table with college id :  '||:OLD.college_id);
         INSERT INTO log_table VALUES ('Deleted a record from COLLEGE table with college id : '||:OLD.college_id
                         ,sysdate
                         ,user
                         ,SYSTIMESTAMP);
      WHEN updating THEN
         DBMS_OUTPUT.PUT_LINE('You updated a record '||:OLD.college_id);
         INSERT INTO log_table VALUES ('Updated a record in COLLEGE table with college id : '||:OLD.college_id
                         ,sysdate
                         ,user
                         ,SYSTIMESTAMP);
     END CASE;
END;

-- EXCEPTIONS
CREATE OR REPLACE PROCEDURE exLogin_student (
    p_student_id IN LOGIN.student_id%TYPE
    , p_password   IN LOGIN.password%TYPE
) IS
    v_stored_password LOGIN.password%TYPE;
    e_incorrect_password EXCEPTION;
BEGIN
    SELECT password INTO v_stored_password
    FROM login
    WHERE student_id = p_student_id;

    IF v_stored_password != p_password THEN
        RAISE e_incorrect_password;
    END IF;

    DBMS_OUTPUT.PUT_LINE('Login Successful! Access Granted for: ' || p_student_id);

  EXCEPTION
    WHEN NO_DATA_FOUND THEN
        DBMS_OUTPUT.PUT_LINE('Login Failed: Student ID ' || p_student_id || ' is not registered.');

    WHEN e_incorrect_password THEN
        DBMS_OUTPUT.PUT_LINE('Login Failed: Incorrect password provided.');

    WHEN OTHERS THEN
        DBMS_OUTPUT.PUT_LINE('System Error during login: ' || SQLERRM);
END;

CREATE OR REPLACE PROCEDURE exRegister_student (
    p_student_id     IN STUDENT.student_id%TYPE
    , p_lastname       IN STUDENT.lastname%TYPE
    , p_firstname      IN STUDENT.firstname%TYPE
    , p_middlename     IN STUDENT.middlename%TYPE
    , p_birthdate      IN DATE
    , p_course_id      IN STUDENT.course_id%TYPE
    , p_year_level     IN STUDENT.year_level%TYPE
    , p_section        IN STUDENT.section%TYPE
    , p_semester       IN STUDENT.semester%TYPE
    , p_school_year    IN STUDENT.school_year%TYPE
    , p_type_id        IN STUDENT.type_id%TYPE
    , p_reg_status     IN STUDENT.registration_id%TYPE
) IS
    PRAGMA AUTONOMOUS_TRANSACTION;
BEGIN
    INSERT INTO STUDENT (
        student_id, lastname, firstname, middlename, birthdate, 
        course_id, year_level, section, semester, school_year, 
        type_id, registration_id, date_enrolled
    ) VALUES (
        p_student_id
        , p_lastname
        , p_firstname
        , p_middlename
        , p_birthdate
        , p_course_id
        , p_year_level
        , p_section
        , p_semester
        , p_school_year
        , p_type_id
        , p_reg_status
        , SYSDATE
    );

    COMMIT;
    DBMS_OUTPUT.PUT_LINE('Success: Student ' || p_student_id || ' registered.');

EXCEPTION
    WHEN DUP_VAL_ON_INDEX THEN
        DBMS_OUTPUT.PUT_LINE('Error: Student ID ' || p_student_id || ' already exists.');

        INSERT INTO log_table (log_message, log_date, log_user, log_timestamp)
        VALUES (
            'FAILED INSERT: Duplicate ID ' || p_student_id || ' for Name: ' || p_lastname
            , SYSDATE
            , USER
            , SYSTIMESTAMP
        );
        COMMIT;

    WHEN OTHERS THEN
        DBMS_OUTPUT.PUT_LINE('System Error: ' || SQLERRM);
        ROLLBACK;
END;

CREATE OR REPLACE PROCEDURE exRegister_faculty (
    p_faculty_id       IN FACULTY.faculty_id%TYPE
    , p_lastname       IN FACULTY.lastname%TYPE
    , p_firstname      IN FACULTY.firstname%TYPE
    , p_college_id     IN FACULTY.college_id%TYPE
) IS
    PRAGMA AUTONOMOUS_TRANSACTION;
BEGIN
    INSERT INTO FACULTY (
        faculty_id, lastname, firstname, college_id
    ) VALUES (
        p_faculty_id
        , p_lastname
        , p_firstname
        , p_college_id
    );

    COMMIT;
    DBMS_OUTPUT.PUT_LINE('Success: Faculty ' || p_faculty_id || ' registered.');

EXCEPTION
    WHEN DUP_VAL_ON_INDEX THEN
        DBMS_OUTPUT.PUT_LINE('Error: Faculty ID ' || p_faculty_id || ' already exists.');

        INSERT INTO log_table (log_message, log_date, log_user, log_timestamp)
        VALUES (
            'FAILED INSERT: Duplicate Faculty ID ' || p_faculty_id || ' for Name: ' || p_lastname
            , SYSDATE
            , USER
            , SYSTIMESTAMP
        );
        COMMIT;

    WHEN OTHERS THEN
        DBMS_OUTPUT.PUT_LINE('System Error: ' || SQLERRM);
        ROLLBACK;
END;
/

CREATE OR REPLACE PROCEDURE exRegister_subject (
    p_section_id       IN subject_section.section_id%TYPE
    , p_subject_id     IN subject_section.subject_id%TYPE
    , p_day_of_week    IN subject_section.day_of_week%TYPE
    , p_time_start     IN subject_section.time_start%TYPE
    , p_time_end       IN subject_section.time_end%TYPE
    , p_room           IN subject_section.room%TYPE
    , p_faculty_id     IN subject_section.faculty_id%TYPE
    , p_enroll_id      IN subject_section.enroll_id%TYPE -- Enrollment status for the section
) IS
    PRAGMA AUTONOMOUS_TRANSACTION;
BEGIN
    INSERT INTO subject_section (
        section_id, subject_id, day_of_week, time_start, 
        time_end, room, faculty_id, enroll_id
    ) VALUES (
        p_section_id
        , p_subject_id
        , p_day_of_week
        , p_time_start
        , p_time_end
        , p_room
        , p_faculty_id
        , p_enroll_id
    );

    COMMIT;
    DBMS_OUTPUT.PUT_LINE('Success: Subject ' || p_subject_id || ' Section ' || p_section_id || ' Schedule ' || p_day_of_week || ' registered.');

EXCEPTION
    WHEN DUP_VAL_ON_INDEX THEN
        DBMS_OUTPUT.PUT_LINE('Error: Subject ' || p_subject_id || ' Section ' || p_section_id || ' on day ' || p_day_of_week || ' already exists.');

        INSERT INTO log_table (log_message, log_date, log_user, log_timestamp)
        VALUES (
            'FAILED INSERT: Duplicate Subject Section PK: ' || p_subject_id || '-' || p_section_id || '-' || p_day_of_week
            , SYSDATE
            , USER
            , SYSTIMESTAMP
        );
        COMMIT;
    WHEN OTHERS THEN
        DBMS_OUTPUT.PUT_LINE('System Error: ' || SQLERRM);
        ROLLBACK;
END;
/

CREATE OR REPLACE PROCEDURE exRegister_course (
    p_course_id        IN COURSE.course_id%TYPE
    , p_course_title   IN COURSE.course_title%TYPE
    , p_course_type_id IN COURSE.course_type_id%TYPE
    , p_college_id     IN COURSE.college_id%TYPE
) IS
    PRAGMA AUTONOMOUS_TRANSACTION;
BEGIN
    INSERT INTO COURSE (
        course_id, course_title, course_type_id, college_id
    ) VALUES (
        p_course_id
        , p_course_title
        , p_course_type_id
        , p_college_id
    );

    COMMIT;
    DBMS_OUTPUT.PUT_LINE('Success: Course ' || p_course_id || ' registered.');

EXCEPTION
    WHEN DUP_VAL_ON_INDEX THEN
        DBMS_OUTPUT.PUT_LINE('Error: Course ID ' || p_course_id || ' already exists.');

        INSERT INTO log_table (log_message, log_date, log_user, log_timestamp)
        VALUES (
            'FAILED INSERT: Duplicate Course ID ' || p_course_id || ' Title: ' || p_course_title
            , SYSDATE
            , USER
            , SYSTIMESTAMP
        );
        COMMIT;

    WHEN OTHERS THEN
        DBMS_OUTPUT.PUT_LINE('System Error: ' || SQLERRM);
        ROLLBACK;
END;

CREATE OR REPLACE PROCEDURE exRegister_college (
    p_college_id       IN COLLEGE.college_id%TYPE
    , p_college_title  IN COLLEGE.college_title%TYPE
) IS
    PRAGMA AUTONOMOUS_TRANSACTION;
BEGIN
    INSERT INTO COLLEGE (
        college_id, college_title
    ) VALUES (
        p_college_id
        , p_college_title
    );

    COMMIT;
    DBMS_OUTPUT.PUT_LINE('Success: College ' || p_college_id || ' registered.');

EXCEPTION
    WHEN DUP_VAL_ON_INDEX THEN
        DBMS_OUTPUT.PUT_LINE('Error: College ID ' || p_college_id || ' already exists.');

        INSERT INTO log_table (log_message, log_date, log_user, log_timestamp)
        VALUES (
            'FAILED INSERT: Duplicate College ID ' || p_college_id || ' Title: ' || p_college_title
            , SYSDATE
            , USER
            , SYSTIMESTAMP
        );
        COMMIT;

    WHEN OTHERS THEN
        DBMS_OUTPUT.PUT_LINE('System Error: ' || SQLERRM);
        ROLLBACK;
END;


CREATE OR REPLACE VIEW VW_CISTM_SUBJECTS AS
SELECT
    s.subject_id                AS SUBJECT_CODE
    , s.subject_title           AS SUBJECT_TITLE
    , s.units                   AS UNITS
    , ss.section_id             AS SECTION
    , ss.faculty_id             AS FACULTY_ID
    , ss.day_of_week            AS DAY_OF_WEEK
    , ss.time_start             AS TIME_START
    , ss.time_end               AS TIME_END
    , f.lastname                AS FACULTY_LASTNAME
    , f.firstname               AS FACULTY_FIRSTNAME
    , CASE
        WHEN s.subject_id LIKE 'EIT%' OR s.subject_id LIKE 'ICC%' THEN 'BSIT'
        WHEN s.subject_id LIKE 'CET%' THEN 'BSCS'
        ELSE 'GENERAL'
    END AS COURSE_ID
FROM
    subject s
INNER JOIN
    subject_section ss ON s.subject_id = ss.subject_id
LEFT JOIN
    faculty f ON ss.faculty_id = f.faculty_id;
    
CREATE TABLE courses_taken (
    student_id        VARCHAR(50)       NOT NULL
    , subject_id      VARCHAR(50)       NOT NULL
    , grade           DECIMAL(3,2)
    , remarks         VARCHAR(20)
    , semester        VARCHAR(50)
    , school_year     VARCHAR(50)
    , CONSTRAINT      pk_courses_taken  PRIMARY KEY (student_id, subject_id)
    , CONSTRAINT      fk_ct_student     FOREIGN KEY (student_id) REFERENCES STUDENT(student_id) ON DELETE CASCADE
);

SELECT * FROM subject;
-- TABLE TO STORE STUDENT ENLISTMENTS (mapping students to subject sections)
-- Revert to the expected table/column names, fixing the target table
CREATE TABLE student_enlistment (
    enlist_id     NUMBER(10)          GENERATED BY DEFAULT AS IDENTITY,
    student_id    VARCHAR(50)         NOT NULL,
    section_id    INT                 NOT NULL,
    subject_id    VARCHAR(50)         NOT NULL,
    day_of_week   VARCHAR(5)          NOT NULL,
    semester      VARCHAR(50)         NOT NULL,
    school_year   VARCHAR(50)         NOT NULL,
    enroll_id     VARCHAR(5)          DEFAULT 'PEN',
    college_id    VARCHAR(20)         ,
    CONSTRAINT pk_student_enlistment  PRIMARY KEY (enlist_id),
    CONSTRAINT fk_se_student          FOREIGN KEY (student_id)             REFERENCES STUDENT(student_id) ON DELETE CASCADE,
    CONSTRAINT fk_se_subject_section  FOREIGN KEY (section_id, subject_id, day_of_week) REFERENCES subject_section(section_id, subject_id, day_of_week) ON DELETE CASCADE,
    CONSTRAINT fk_se_enroll           FOREIGN KEY (enroll_id)              REFERENCES enrollment_status(enroll_id)
);

COMMIT;
SELECT * FROM student_enlistment;

-- SAMPLE: move a subject to enrolled for demonstration (uncomment/adjust as needed)
-- INSERT INTO student_enlistment (student_id, subject_id, section, semester, school_year, enroll_id) VALUES ('2025-00001', 'ICC 0101', 1, '2nd', '2025-2026', 'ENR');

-- STORED PROCEDURE: Uses a CURSOR to produce registered subjects for a student for the given semester/school year.
SELECT * FROM tmp_registered_subjects;


COMMIT;
DELIMITER $$
CREATE PROCEDURE sp_get_registered_subjects(
    IN p_student_id     VARCHAR(50),
    IN p_semester       VARCHAR(50),
    IN p_school_year    VARCHAR(50)
)
BEGIN
    DECLARE done            INT DEFAULT 0;
    DECLARE v_subject_id    VARCHAR(50);
    DECLARE v_subject_title VARCHAR(150);
    DECLARE v_lec_hours     TIME;
    DECLARE v_lab_hours     TIME;
    DECLARE v_units         DECIMAL(4,1);
    DECLARE v_day           VARCHAR(5);
    DECLARE v_time_start    TIME;
    DECLARE v_time_end      TIME;

    -- temporary table to collect results (cursor loop will insert here)
    CREATE TEMPORARY TABLE IF NOT EXISTS tmp_registered_subjects (
        subject_id      VARCHAR(50),
        subject_title   VARCHAR(150),
        lec_hours       TIME,
        lab_hours       TIME,
        units           DECIMAL(4,1),
        day_of_week     VARCHAR(5),
        time_start      TIME,
        time_end        TIME
    );

    -- cursor selecting the required fields
    DECLARE cur_subjects CURSOR FOR
        SELECT s.subject_id,
               s.subject_title,
               s.lec_hours,
               s.lab_hours,
               s.units,
               sch.day_of_week,
               sch.time_start,
               sch.time_end
        FROM student_enlistment se
        JOIN subject s ON se.subject_id = s.subject_id AND se.section = s.section
        LEFT JOIN schedule_option so ON s.sched_option_id = so.sched_option_id
        LEFT JOIN schedule sch ON so.sched_id = sch.sched_id
        WHERE se.student_id = p_student_id
          AND se.semester = p_semester
          AND se.school_year = p_school_year
          AND se.enroll_id = 'ENR';

    DECLARE CONTINUE HANDLER FOR NOT FOUND SET done = 1;

    OPEN cur_subjects;
    read_loop: LOOP
        FETCH cur_subjects INTO v_subject_id, v_subject_title, v_lec_hours, v_lab_hours, v_units, v_day, v_time_start, v_time_end;
        IF done THEN
            LEAVE read_loop;
        END IF;
        INSERT INTO tmp_registered_subjects VALUES (v_subject_id, v_subject_title, v_lec_hours, v_lab_hours, v_units, v_day, v_time_start, v_time_end);
    END LOOP read_loop;
    CLOSE cur_subjects;

    -- return the collected rows
    SELECT * FROM tmp_registered_subjects;

    DROP TEMPORARY TABLE IF EXISTS tmp_registered_subjects;
END$$
DELIMITER ;

-- STORED PROCEDURE: Uses a CURSOR to produce subjects available to register for the student
-- Returns: subject_id, subject_title, lec_hours, lab_hours, units, day_of_week, time_start, time_end, enroll_title
DELIMITER $$

CREATE PROCEDURE sp_get_subjects_to_register(
    IN p_student_id     VARCHAR(50),
    IN p_semester       VARCHAR(50),
    IN p_school_year    VARCHAR(50)
)
BEGIN
    DECLARE done INT DEFAULT 0;
    DECLARE v_subject_id    VARCHAR(50);
    DECLARE v_subject_title VARCHAR(150);
    DECLARE v_lec_hours     TIME;
    DECLARE v_lab_hours     TIME;
    DECLARE v_units         DECIMAL(4,1);
    DECLARE v_day           VARCHAR(5);
    DECLARE v_time_start    TIME;
    DECLARE v_time_end      TIME;
    DECLARE v_enroll_title  VARCHAR(50);

    CREATE TEMPORARY TABLE IF NOT EXISTS tmp_subjects_to_register (
        subject_id      VARCHAR(50),
        subject_title   VARCHAR(150),
        lec_hours       TIME,
        lab_hours       TIME,
        units           DECIMAL(4,1),
        day_of_week     VARCHAR(5),
        time_start      TIME,
        time_end        TIME,
        enroll_title    VARCHAR(50)
    );

    -- Cursor selects subjects that the student is not already enrolled in (or only has pending enlistment)
    DECLARE cur_avail CURSOR FOR
        SELECT s.subject_id,
               s.subject_title,
               s.lec_hours,
               s.lab_hours,
               s.units,
               sch.day_of_week,
               sch.time_start,
               sch.time_end,
               IFNULL(es.enroll_title, 'Available') AS enroll_title
        FROM subject s
        LEFT JOIN schedule_option so ON s.sched_option_id = so.sched_option_id
        LEFT JOIN schedule sch ON so.sched_id = sch.sched_id
        LEFT JOIN student_enlistment se ON s.subject_id = se.subject_id
            AND s.section = se.section
            AND se.student_id = p_student_id
            AND se.semester = p_semester
            AND se.school_year = p_school_year
        LEFT JOIN enrollment_status es ON IFNULL(se.enroll_id, s.enroll_id) = es.enroll_id
        WHERE (se.enlist_id IS NULL OR se.enroll_id <> 'ENR');

    DECLARE CONTINUE HANDLER FOR NOT FOUND SET done = 1;

    OPEN cur_avail;
    read_loop: LOOP
        FETCH cur_avail INTO v_subject_id, v_subject_title, v_lec_hours, v_lab_hours, v_units, v_day, v_time_start, v_time_end, v_enroll_title;
        IF done THEN
            LEAVE read_loop;
        END IF;
        INSERT INTO tmp_subjects_to_register VALUES (v_subject_id, v_subject_title, v_lec_hours, v_lab_hours, v_units, v_day, v_time_start, v_time_end, v_enroll_title);
    END LOOP read_loop;
    CLOSE cur_avail;

    SELECT * FROM tmp_subjects_to_register;

    DROP TEMPORARY TABLE IF EXISTS tmp_subjects_to_register;
END$$
DELIMITER ;


-- DROPPING -- 
-- 1. PROCEDURES --
DROP PROCEDURE exLogin_student;
DROP PROCEDURE exRegister_student;
DROP PROCEDURE exRegister_faculty;
DROP PROCEDURE exRegister_subject;
DROP PROCEDURE exRegister_course;
DROP PROCEDURE exRegister_college;

-- 2. TRIGGERS -- 
DROP TRIGGER trLoggingStudent;
DROP TRIGGER trLoggingFaculty;
DROP TRIGGER trLoggingSubject;
DROP TRIGGER trLoggingCourse;
DROP TRIGGER trLoggingCollege;

-- 3. TABLES -- 
DROP TABLE student_enlistment CASCADE CONSTRAINTS;
DROP TABLE login CASCADE CONSTRAINTS;
DROP TABLE subject CASCADE CONSTRAINTS;

-- Procedures -- 
CREATE OR REPLACE PROCEDURE GET_STUDENT_DASHBOARD (
    p_student_id IN VARCHAR2,
    p_cursor OUT SYS_REFCURSOR
) AS
BEGIN
    OPEN p_cursor FOR
    SELECT
        s.student_id,
        s.firstname,
        s.lastname,
        c.course_title,
        s.course_id,
        col.college_title,
        s.year_level,
        s.semester,
        s.section,
        s.school_year,
        rs.registration_title,
        s.date_enrolled,
        -- Calculate Academic Units (Excluding PE/NSTP)
        (SELECT NVL(SUM(sub.units), 0)
         FROM student_enlistment se_acad
         JOIN subject sub ON se_acad.subject_id = sub.subject_id -- CORRECTED
         WHERE se_acad.student_id = s.student_id
           AND se_acad.enroll_id = 'ENR'
           AND sub.subject_id NOT LIKE 'PATHFIT%'
           AND sub.subject_id NOT LIKE 'NSTP%') AS ACADEMIC_UNITS,
        -- Calculate Non-Academic Units (PE/NSTP only)
        (SELECT NVL(SUM(sub.units), 0)
         FROM student_enlistment se_nonacad
         JOIN subject sub ON se_nonacad.subject_id = sub.subject_id -- CORRECTED
         WHERE se_nonacad.student_id = s.student_id
           AND se_nonacad.enroll_id = 'ENR'
           AND (sub.subject_id LIKE 'PATHFIT%' OR sub.subject_id LIKE 'NSTP%')) AS NON_ACADEMIC_UNITS
    FROM STUDENT s
    LEFT JOIN COURSE c ON s.course_id = c.course_id
    LEFT JOIN COLLEGE col ON c.college_id = col.college_id
    LEFT JOIN REGISTRATION_STATUS rs ON s.registration_id = rs.registration_id
    WHERE s.student_id = p_student_id;
END;
/

-- FOR MAX UNITS PER YEAR LEVEL IN SECOND SEMESTER -- 
CREATE OR REPLACE FUNCTION GET_MAX_UNITS_SQL (
    p_student_id IN VARCHAR2
)
RETURN NUMBER
IS
    -- Variables to hold student data
    v_year_level      STUDENT.YEAR_LEVEL%TYPE;
    v_semester        STUDENT.SEMESTER%TYPE;
    v_status_title    REGISTRATION_STATUS.REGISTRATION_TITLE%TYPE;
    
    -- Variables for unit caps
    v_term_max_units  NUMBER := 24;  -- Default high cap
    c_irregular_cap   CONSTANT NUMBER := 18; -- Institutional cap for irregular students
BEGIN
    -- 1. Fetch student's current details
    SELECT
        s.YEAR_LEVEL,
        s.SEMESTER,
        rs.REGISTRATION_TITLE
    INTO
        v_year_level,
        v_semester,
        v_status_title
    FROM
        STUDENT s
    JOIN
        REGISTRATION_STATUS rs ON s.REGISTRATION_ID = rs.REGISTRATION_ID
    WHERE
        s.STUDENT_ID = p_student_id;

    IF UPPER(v_status_title) = 'ON LEAVE' THEN
        RETURN 0;
    END IF;

    IF v_semester = 2 THEN
        v_term_max_units :=
            CASE v_year_level
                WHEN 1 THEN 22  -- 1st Year, 2nd Sem
                WHEN 2 THEN 24  -- 2nd Year, 2nd Sem
                WHEN 3 THEN 12  -- 3rd Year, 2nd Sem
                WHEN 4 THEN 6   -- 4th Year, 2nd Sem
                ELSE 24
            END;
    ELSIF v_semester = 1 THEN
        -- Example for First Semester
        v_term_max_units :=
            CASE v_year_level
                WHEN 1 THEN 21  -- 1st Year, 1st Sem
                -- Add more First Semester rules here
                ELSE 24
            END;
    END IF;

    IF UPPER(v_status_title) = 'IRREGULAR' THEN
        RETURN LEAST(c_irregular_cap, v_term_max_units);
    ELSE
        RETURN v_term_max_units;
    END IF;

EXCEPTION
    WHEN NO_DATA_FOUND THEN
        RETURN 0;
    WHEN OTHERS THEN
        RETURN 0;
END;
/

COMMIT;